edad_cliente,genero,rango_ingreso,canal_marketing,dia_envio,hora_envio,compras_previas,dias_inactivo,descuento_porcentaje,categoria_producto,realizo_compra
61,F,Alto,Redes_sociales,Miercoles,Tarde,1,97,0,Belleza,0
32,F,Medio,SMS,Miercoles,Noche,15,46,20,Belleza,1
44,F,Alto,SMS,Domingo,Mediodia,9,107,20,Alimentos,1
36,M,Bajo,Email,Viernes,Manana,27,107,15,Belleza,1
32,F,Medio,SMS,Domingo,Mediodia,11,68,0,Hogar,0
62,F,Bajo,Redes_sociales,Lunes,Mediodia,17,51,10,Hogar,0
24,M,Bajo,Push_app,Lunes,Tarde,1,166,15,Belleza,0
60,F,Medio,Email,Martes,Manana,13,1,0,Moda,1
57,M,Bajo,SMS,Viernes,Mediodia,11,44,10,Alimentos,0
33,M,Bajo,Redes_sociales,Sabado,Tarde,19,151,20,Tecnologia,0
41,F,Alto,Redes_sociales,Sabado,Tarde,23,110,20,Alimentos,0
40,F,Alto,Email,Viernes,Noche,23,91,30,Alimentos,1
28,F,Bajo,Email,Jueves,Noche,23,121,20,Alimentos,1
41,M,Bajo,SMS,Jueves,Noche,7,64,30,Belleza,0
22,M,Medio,SMS,Viernes,Mediodia,22,115,10,Alimentos,0
56,M,Alto,Push_app,Miercoles,Mediodia,21,148,5,Hogar,1
47,M,Alto,Email,Viernes,Mediodia,27,126,0,Alimentos,0
33,Otro,Bajo,Email,Miercoles,Tarde,6,66,15,Hogar,1
37,M,Medio,Redes_sociales,Jueves,Mediodia,12,93,30,Belleza,0
46,F,Bajo,Push_app,Domingo,Tarde,14,128,15,Belleza,0
34,F,Bajo,SMS,Viernes,Manana,13,58,20,Alimentos,1
36,F,Bajo,Push_app,Miercoles,Mediodia,4,114,5,Hogar,0
43,F,Bajo,Push_app,Martes,Manana,7,115,30,Hogar,1
32,F,Medio,Redes_sociales,Martes,Noche,17,46,0,Hogar,1
42,F,Bajo,Email,Viernes,Manana,4,108,30,Hogar,0
32,M,Alto,Email,Lunes,Manana,22,17,0,Tecnologia,0
37,Otro,Medio,Email,Viernes,Tarde,8,112,15,Belleza,0
47,F,Bajo,SMS,Jueves,Tarde,9,32,15,Hogar,0
38,M,Alto,Email,Jueves,Tarde,16,142,15,Tecnologia,1
64,F,Alto,Push_app,Martes,Tarde,26,23,0,Tecnologia,1
52,F,Medio,Push_app,Miercoles,Noche,24,35,30,Belleza,1
61,F,Bajo,Email,Martes,Manana,2,59,15,Moda,0
23,M,Bajo,Push_app,Miercoles,Noche,0,161,0,Alimentos,0
54,F,Bajo,SMS,Domingo,Noche,6,89,20,Belleza,0
28,M,Medio,Email,Viernes,Tarde,14,50,30,Moda,1
40,M,Bajo,SMS,Lunes,Manana,18,167,30,Alimentos,0
61,F,Medio,Email,Jueves,Manana,7,149,30,Alimentos,0
56,F,Bajo,SMS,Viernes,Noche,10,143,5,Alimentos,0
26,F,Medio,SMS,Martes,Tarde,1,103,15,Tecnologia,0
35,F,Medio,SMS,Sabado,Noche,19,169,0,Hogar,0
63,F,Bajo,Push_app,Sabado,Manana,27,15,20,Alimentos,1
53,F,Medio,SMS,Viernes,Tarde,1,132,10,Hogar,0
57,M,Medio,Redes_sociales,Lunes,Noche,10,133,20,Alimentos,0
53,M,Alto,SMS,Miercoles,Manana,19,169,5,Tecnologia,0
45,F,Medio,SMS,Domingo,Mediodia,27,29,20,Alimentos,0
36,M,Medio,SMS,Lunes,Tarde,16,159,15,Belleza,0
47,M,Alto,SMS,Martes,Manana,28,146,15,Moda,0
55,F,Medio,Email,Lunes,Tarde,9,50,10,Alimentos,0
32,F,Bajo,Push_app,Jueves,Manana,4,155,30,Moda,0
61,M,Bajo,Push_app,Sabado,Tarde,2,174,0,Moda,0
29,F,Bajo,Push_app,Lunes,Mediodia,8,71,20,Tecnologia,0
19,M,Bajo,Email,Viernes,Noche,19,127,10,Moda,0
26,M,Medio,SMS,Miercoles,Noche,21,106,15,Tecnologia,0
52,M,Medio,SMS,Jueves,Noche,24,126,30,Alimentos,0
18,M,Alto,Push_app,Jueves,Mediodia,1,128,0,Hogar,0
63,F,Bajo,Redes_sociales,Jueves,Tarde,22,149,0,Tecnologia,0
48,M,Medio,SMS,Martes,Tarde,18,93,5,Moda,0
45,F,Medio,SMS,Martes,Manana,16,57,30,Moda,1
62,F,Alto,SMS,Viernes,Manana,24,12,15,Alimentos,0
54,M,Bajo,Email,Miercoles,Tarde,24,166,0,Tecnologia,0
24,M,Bajo,SMS,Lunes,Mediodia,11,26,5,Alimentos,0
63,M,Bajo,Push_app,Viernes,Mediodia,26,166,5,Tecnologia,0
33,F,Medio,SMS,Martes,Noche,19,120,15,Hogar,0
31,M,Medio,Push_app,Viernes,Noche,8,139,0,Belleza,0
50,F,Medio,Redes_sociales,Miercoles,Noche,22,151,30,Alimentos,0
23,M,Bajo,Email,Viernes,Tarde,3,17,0,Moda,0
38,F,Bajo,Redes_sociales,Domingo,Manana,27,118,20,Alimentos,1
27,F,Medio,SMS,Sabado,Tarde,17,14,0,Tecnologia,0
49,F,Alto,Redes_sociales,Sabado,Tarde,15,143,5,Alimentos,0
23,F,Medio,SMS,Jueves,Mediodia,28,96,10,Hogar,1
19,F,Alto,Push_app,Lunes,Mediodia,20,73,15,Tecnologia,1
56,F,Medio,SMS,Domingo,Manana,23,46,10,Moda,0
44,F,Bajo,Email,Martes,Manana,9,151,0,Moda,0
31,F,Medio,Redes_sociales,Domingo,Tarde,25,172,30,Tecnologia,1
40,F,Bajo,SMS,Martes,Tarde,21,18,30,Hogar,1
56,M,Bajo,Push_app,Sabado,Tarde,11,90,5,Alimentos,0
38,M,Bajo,Redes_sociales,Miercoles,Tarde,29,168,10,Belleza,0
58,M,Bajo,Email,Miercoles,Mediodia,27,30,15,Moda,1
47,F,Medio,SMS,Miercoles,Noche,10,15,20,Hogar,1
42,M,Medio,Email,Martes,Noche,4,150,10,Hogar,0
41,F,Medio,Push_app,Jueves,Noche,19,77,30,Hogar,1
28,M,Medio,Redes_sociales,Domingo,Manana,10,22,20,Alimentos,1
52,M,Medio,Redes_sociales,Lunes,Manana,15,40,30,Hogar,0
21,M,Bajo,Redes_sociales,Miercoles,Manana,14,145,0,Hogar,0
54,M,Medio,Push_app,Martes,Manana,5,163,0,Tecnologia,0
53,F,Bajo,SMS,Jueves,Mediodia,12,11,15,Tecnologia,1
30,M,Medio,SMS,Miercoles,Tarde,15,74,20,Hogar,0
26,M,Medio,SMS,Domingo,Manana,26,178,20,Hogar,0
45,F,Medio,Email,Miercoles,Noche,2,84,15,Tecnologia,0
63,M,Medio,Push_app,Lunes,Manana,17,159,30,Alimentos,0
33,M,Bajo,Redes_sociales,Sabado,Noche,0,70,10,Tecnologia,0
23,F,Medio,Push_app,Lunes,Tarde,24,163,15,Tecnologia,1
44,M,Medio,Push_app,Viernes,Mediodia,16,167,0,Tecnologia,0
27,M,Medio,Push_app,Sabado,Mediodia,26,125,20,Tecnologia,1
40,M,Medio,Redes_sociales,Sabado,Manana,19,69,5,Belleza,0
38,F,Bajo,Redes_sociales,Domingo,Manana,5,165,30,Moda,0
43,M,Bajo,Email,Sabado,Noche,8,3,5,Alimentos,1
62,M,Medio,Push_app,Miercoles,Manana,3,173,0,Alimentos,0
20,M,Bajo,SMS,Viernes,Mediodia,6,62,20,Hogar,0
60,M,Bajo,Email,Domingo,Manana,22,49,20,Belleza,0
52,M,Alto,Redes_sociales,Martes,Noche,28,29,15,Hogar,1
24,M,Bajo,Redes_sociales,Domingo,Tarde,29,15,10,Alimentos,1
44,F,Medio,Email,Lunes,Mediodia,21,179,15,Alimentos,1
59,M,Alto,SMS,Sabado,Mediodia,24,3,5,Hogar,1
50,F,Bajo,Push_app,Sabado,Tarde,10,25,20,Moda,1
21,F,Alto,Push_app,Jueves,Tarde,25,156,10,Hogar,0
43,F,Bajo,SMS,Miercoles,Mediodia,22,138,15,Moda,0
25,F,Bajo,Push_app,Domingo,Noche,2,91,10,Moda,0
37,F,Bajo,Redes_sociales,Miercoles,Noche,15,107,30,Tecnologia,1
34,F,Medio,Email,Viernes,Manana,5,151,30,Alimentos,0
22,M,Alto,SMS,Lunes,Noche,6,50,5,Tecnologia,0
26,M,Alto,Email,Sabado,Mediodia,11,41,10,Alimentos,1
25,M,Medio,Push_app,Sabado,Manana,6,166,30,Tecnologia,0
24,M,Bajo,Push_app,Viernes,Noche,28,134,20,Moda,1
54,F,Alto,Redes_sociales,Domingo,Tarde,21,17,30,Tecnologia,1
53,F,Medio,Redes_sociales,Miercoles,Noche,18,2,10,Belleza,1
20,M,Bajo,Push_app,Lunes,Manana,21,19,10,Tecnologia,1
25,F,Alto,Push_app,Miercoles,Tarde,15,97,15,Tecnologia,1
22,M,Alto,Redes_sociales,Lunes,Manana,17,72,10,Tecnologia,0
22,F,Medio,Redes_sociales,Domingo,Manana,9,73,10,Belleza,0
34,F,Bajo,SMS,Miercoles,Tarde,28,122,5,Alimentos,1
64,M,Alto,Redes_sociales,Jueves,Manana,0,69,10,Tecnologia,0
44,F,Bajo,SMS,Sabado,Mediodia,7,144,15,Alimentos,0
57,F,Medio,SMS,Domingo,Manana,2,78,15,Hogar,0
56,F,Bajo,Email,Domingo,Mediodia,29,140,20,Moda,0
29,M,Alto,Redes_sociales,Viernes,Tarde,15,41,30,Hogar,1
45,F,Bajo,SMS,Lunes,Manana,23,43,5,Belleza,1
21,F,Medio,Email,Viernes,Noche,2,79,0,Belleza,0
45,F,Bajo,Email,Lunes,Manana,1,66,20,Alimentos,0
42,M,Medio,Redes_sociales,Domingo,Mediodia,11,19,10,Alimentos,1
53,M,Alto,Redes_sociales,Lunes,Mediodia,7,46,30,Tecnologia,1
59,F,Alto,Email,Sabado,Noche,18,23,5,Hogar,1
20,M,Bajo,SMS,Lunes,Tarde,23,178,20,Alimentos,0
48,M,Medio,Redes_sociales,Miercoles,Mediodia,17,145,15,Alimentos,0
54,M,Bajo,Email,Martes,Mediodia,19,22,5,Alimentos,1
29,M,Medio,Email,Miercoles,Mediodia,24,128,5,Moda,1
54,M,Alto,SMS,Martes,Manana,14,122,10,Alimentos,0
54,M,Medio,Push_app,Sabado,Manana,16,114,5,Moda,0
21,M,Bajo,SMS,Sabado,Manana,17,65,30,Belleza,1
47,F,Medio,Email,Miercoles,Manana,17,132,30,Tecnologia,0
55,F,Medio,SMS,Martes,Manana,8,17,5,Hogar,1
59,M,Bajo,Redes_sociales,Domingo,Noche,25,116,0,Alimentos,0
55,F,Bajo,Email,Sabado,Mediodia,4,34,10,Moda,1
44,M,Bajo,SMS,Lunes,Noche,10,152,5,Alimentos,1
39,M,Bajo,SMS,Lunes,Mediodia,28,105,5,Alimentos,0
18,M,Medio,SMS,Martes,Manana,3,151,0,Moda,0
60,F,Alto,SMS,Martes,Manana,25,140,0,Alimentos,0
55,F,Bajo,Email,Viernes,Tarde,9,148,15,Hogar,0
37,M,Alto,SMS,Lunes,Tarde,3,38,10,Belleza,0
35,F,Medio,Redes_sociales,Miercoles,Noche,22,161,0,Tecnologia,0
23,F,Medio,Push_app,Viernes,Mediodia,2,146,5,Alimentos,0
29,M,Bajo,Push_app,Domingo,Noche,24,155,0,Moda,0
34,F,Bajo,Push_app,Martes,Tarde,15,90,20,Hogar,0
39,M,Bajo,Redes_sociales,Domingo,Mediodia,20,113,15,Alimentos,1
35,F,Medio,Push_app,Sabado,Noche,10,138,15,Belleza,0
27,F,Medio,Email,Miercoles,Tarde,8,176,30,Belleza,1
41,F,Alto,Email,Jueves,Manana,0,34,10,Moda,0
37,F,Medio,Redes_sociales,Jueves,Noche,9,83,15,Alimentos,1
29,F,Medio,Redes_sociales,Domingo,Manana,11,75,10,Alimentos,0
21,M,Medio,Email,Domingo,Noche,29,56,20,Alimentos,1
59,M,Bajo,Redes_sociales,Sabado,Mediodia,23,27,30,Belleza,0
22,F,Bajo,Redes_sociales,Jueves,Mediodia,1,65,5,Alimentos,0
43,M,Alto,Email,Sabado,Mediodia,14,64,20,Alimentos,0
53,M,Bajo,Email,Miercoles,Mediodia,29,149,10,Alimentos,1
33,M,Alto,SMS,Sabado,Tarde,23,50,10,Alimentos,0
22,M,Bajo,SMS,Domingo,Manana,19,90,10,Moda,0
43,M,Bajo,Push_app,Martes,Tarde,15,136,5,Belleza,0
36,F,Medio,Redes_sociales,Miercoles,Noche,1,163,30,Tecnologia,0
23,M,Bajo,Email,Viernes,Noche,12,165,30,Moda,0
41,F,Alto,Push_app,Viernes,Manana,17,65,10,Alimentos,1
48,M,Alto,SMS,Jueves,Manana,28,170,20,Tecnologia,0
48,F,Medio,Redes_sociales,Domingo,Tarde,21,132,30,Hogar,1
24,M,Alto,Push_app,Martes,Mediodia,18,80,5,Tecnologia,0
27,F,Bajo,Redes_sociales,Domingo,Tarde,10,164,20,Moda,0
56,M,Medio,Push_app,Viernes,Tarde,13,62,5,Belleza,0
39,F,Alto,Redes_sociales,Lunes,Noche,29,98,10,Moda,1
31,M,Medio,Redes_sociales,Domingo,Tarde,25,50,30,Belleza,1
45,F,Bajo,Email,Lunes,Manana,2,71,5,Belleza,0
59,M,Bajo,Redes_sociales,Jueves,Mediodia,8,42,0,Belleza,0
39,M,Medio,SMS,Domingo,Noche,4,66,20,Hogar,1
49,M,Medio,Email,Jueves,Manana,13,64,0,Tecnologia,0
28,F,Bajo,Redes_sociales,Jueves,Noche,6,61,0,Moda,0
31,M,Medio,SMS,Viernes,Tarde,11,157,10,Moda,0
48,F,Bajo,SMS,Martes,Tarde,20,89,10,Belleza,0
61,Otro,Medio,Push_app,Sabado,Manana,17,165,0,Hogar,0
21,M,Alto,Email,Sabado,Manana,10,103,5,Hogar,0
62,Otro,Medio,Email,Jueves,Noche,26,50,10,Alimentos,1
39,M,Medio,Push_app,Miercoles,Mediodia,23,106,20,Hogar,1
46,F,Bajo,Push_app,Jueves,Noche,8,37,0,Belleza,0
52,Otro,Bajo,Push_app,Domingo,Tarde,10,66,20,Belleza,1
30,Otro,Bajo,Email,Sabado,Manana,17,76,30,Tecnologia,1
37,M,Medio,SMS,Sabado,Manana,1,99,20,Belleza,1
36,F,Bajo,SMS,Sabado,Noche,19,104,20,Tecnologia,0
32,M,Medio,Redes_sociales,Viernes,Manana,12,47,0,Hogar,0
43,M,Medio,Email,Martes,Manana,14,139,15,Alimentos,0
37,M,Medio,Email,Jueves,Tarde,7,19,30,Moda,0
53,M,Medio,Push_app,Lunes,Mediodia,4,102,10,Belleza,0
23,F,Medio,Email,Jueves,Manana,4,71,20,Hogar,0
32,M,Bajo,Email,Jueves,Manana,6,116,0,Belleza,0
21,Otro,Bajo,SMS,Martes,Noche,11,110,15,Tecnologia,0
23,F,Medio,Email,Miercoles,Mediodia,19,129,0,Hogar,0
19,F,Bajo,SMS,Jueves,Tarde,11,119,10,Moda,0
53,F,Bajo,SMS,Jueves,Manana,8,133,0,Tecnologia,0
32,F,Medio,Email,Sabado,Mediodia,3,82,5,Hogar,0
29,M,Medio,SMS,Viernes,Mediodia,7,127,30,Moda,0
57,F,Bajo,Push_app,Martes,Noche,18,107,5,Tecnologia,0
61,M,Bajo,SMS,Viernes,Tarde,21,176,20,Moda,0
58,M,Medio,Email,Sabado,Mediodia,0,83,0,Hogar,0
24,M,Bajo,Push_app,Jueves,Tarde,22,137,0,Tecnologia,0
39,F,Bajo,Push_app,Jueves,Mediodia,10,151,20,Alimentos,0
25,M,Medio,Email,Lunes,Manana,22,156,20,Belleza,1
59,M,Bajo,Redes_sociales,Viernes,Tarde,12,118,30,Alimentos,0
28,M,Bajo,SMS,Sabado,Noche,17,93,15,Moda,1
19,M,Medio,SMS,Martes,Mediodia,20,108,0,Hogar,0
47,F,Alto,Redes_sociales,Domingo,Manana,19,133,10,Belleza,0
21,F,Alto,Push_app,Domingo,Mediodia,9,77,10,Hogar,0
42,Otro,Alto,Redes_sociales,Domingo,Manana,12,130,10,Moda,0
38,M,Medio,Email,Jueves,Tarde,24,23,20,Hogar,1
42,M,Medio,Redes_sociales,Lunes,Noche,11,146,20,Tecnologia,0
26,M,Alto,Push_app,Lunes,Manana,12,8,20,Tecnologia,1
25,F,Medio,Email,Domingo,Mediodia,1,157,10,Moda,0
22,M,Bajo,Email,Miercoles,Manana,2,95,15,Hogar,0
63,M,Medio,Email,Martes,Manana,28,76,30,Moda,1
45,M,Alto,SMS,Domingo,Noche,16,81,5,Belleza,1
19,M,Alto,SMS,Lunes,Tarde,25,171,0,Hogar,0
38,M,Bajo,Email,Martes,Manana,20,85,5,Tecnologia,1
25,F,Alto,Redes_sociales,Domingo,Manana,18,59,0,Alimentos,0
51,F,Medio,SMS,Jueves,Mediodia,11,150,20,Tecnologia,0
40,M,Bajo,Push_app,Domingo,Mediodia,15,60,10,Hogar,0
32,M,Alto,SMS,Miercoles,Tarde,19,134,5,Hogar,0
44,M,Alto,Redes_sociales,Sabado,Tarde,19,171,20,Hogar,1
19,F,Medio,SMS,Martes,Tarde,21,74,0,Hogar,0
45,F,Alto,Redes_sociales,Sabado,Mediodia,9,38,30,Belleza,0
28,F,Medio,Redes_sociales,Miercoles,Manana,22,121,30,Alimentos,1
63,M,Medio,SMS,Sabado,Tarde,22,105,5,Tecnologia,0
38,F,Alto,Redes_sociales,Martes,Mediodia,14,97,5,Belleza,0
59,Otro,Alto,Redes_sociales,Sabado,Mediodia,29,132,5,Moda,0
49,F,Bajo,Push_app,Martes,Tarde,26,169,5,Hogar,0
49,M,Medio,Email,Viernes,Mediodia,7,91,5,Tecnologia,0
24,F,Medio,Email,Miercoles,Manana,18,13,20,Moda,1
39,F,Alto,SMS,Martes,Noche,4,154,0,Alimentos,0
31,M,Medio,Redes_sociales,Viernes,Mediodia,11,15,0,Tecnologia,0
30,M,Alto,SMS,Viernes,Mediodia,9,129,15,Belleza,0
38,F,Medio,SMS,Miercoles,Noche,21,146,10,Moda,0
39,F,Medio,Email,Jueves,Manana,13,150,30,Tecnologia,0
51,Otro,Alto,Redes_sociales,Miercoles,Tarde,27,168,5,Belleza,1
27,M,Bajo,SMS,Martes,Mediodia,21,13,30,Hogar,0
18,F,Medio,SMS,Jueves,Manana,11,174,0,Tecnologia,0
18,M,Medio,Email,Miercoles,Tarde,23,62,10,Hogar,1
41,Otro,Medio,Email,Miercoles,Manana,12,7,10,Moda,0
20,M,Medio,Email,Miercoles,Noche,20,26,20,Moda,1
48,M,Alto,SMS,Miercoles,Mediodia,20,110,5,Moda,0
60,M,Bajo,Redes_sociales,Jueves,Manana,16,39,15,Hogar,0
58,F,Bajo,Email,Martes,Tarde,0,155,10,Hogar,0
30,M,Alto,Email,Viernes,Tarde,21,67,20,Belleza,1
21,F,Medio,Redes_sociales,Miercoles,Tarde,9,122,5,Tecnologia,0
40,F,Bajo,SMS,Viernes,Noche,25,60,0,Belleza,0
23,M,Bajo,SMS,Viernes,Manana,4,165,15,Hogar,1
51,M,Bajo,Redes_sociales,Viernes,Manana,10,127,5,Tecnologia,0
58,M,Medio,Email,Miercoles,Tarde,9,107,20,Moda,0
35,M,Medio,Push_app,Miercoles,Tarde,5,151,30,Belleza,0
53,F,Medio,Redes_sociales,Sabado,Tarde,14,155,20,Belleza,0
43,F,Medio,Push_app,Miercoles,Noche,8,168,20,Belleza,0
50,M,Medio,SMS,Domingo,Noche,7,145,20,Hogar,0
50,F,Bajo,SMS,Miercoles,Mediodia,22,48,20,Tecnologia,0
42,M,Alto,Push_app,Lunes,Mediodia,22,153,15,Moda,0
34,F,Medio,Email,Martes,Mediodia,5,2,10,Hogar,0
20,Otro,Bajo,Push_app,Lunes,Tarde,5,76,10,Moda,0
39,M,Medio,Email,Sabado,Noche,16,165,0,Alimentos,1
52,F,Bajo,Redes_sociales,Domingo,Noche,11,141,10,Alimentos,0
21,F,Bajo,SMS,Jueves,Mediodia,6,128,20,Moda,0
45,M,Bajo,SMS,Domingo,Tarde,4,91,10,Alimentos,0
30,F,Alto,Push_app,Lunes,Manana,15,122,30,Tecnologia,0
47,M,Medio,Redes_sociales,Lunes,Tarde,22,117,30,Tecnologia,1
64,M,Bajo,Push_app,Lunes,Tarde,5,10,10,Hogar,0
29,F,Medio,Push_app,Martes,Mediodia,7,167,20,Moda,0
20,F,Alto,Push_app,Viernes,Noche,2,3,15,Hogar,1
38,F,Medio,Email,Jueves,Noche,7,161,20,Tecnologia,0
57,F,Bajo,SMS,Jueves,Manana,28,9,10,Tecnologia,1
18,M,Medio,SMS,Domingo,Noche,6,80,10,Tecnologia,0
35,F,Bajo,Push_app,Martes,Noche,16,70,0,Belleza,0
30,F,Medio,Email,Sabado,Manana,18,102,20,Alimentos,0
24,F,Medio,SMS,Domingo,Manana,25,140,0,Hogar,0
30,F,Medio,Email,Lunes,Mediodia,19,21,0,Hogar,0
34,F,Medio,Redes_sociales,Viernes,Mediodia,13,55,5,Tecnologia,0
62,M,Medio,Email,Domingo,Mediodia,24,121,30,Belleza,1
49,M,Alto,Email,Domingo,Mediodia,27,91,0,Hogar,1
46,F,Medio,Redes_sociales,Miercoles,Noche,5,96,30,Hogar,1
62,F,Medio,SMS,Domingo,Mediodia,6,140,10,Belleza,0
47,F,Alto,SMS,Martes,Tarde,29,0,10,Tecnologia,1
28,M,Bajo,Email,Sabado,Manana,4,37,5,Belleza,0
31,M,Bajo,Email,Viernes,Mediodia,18,152,5,Alimentos,0
27,M,Medio,Redes_sociales,Sabado,Manana,20,41,20,Hogar,0
25,F,Medio,Redes_sociales,Martes,Noche,27,84,5,Alimentos,1
48,M,Medio,SMS,Martes,Mediodia,6,160,15,Hogar,0
23,F,Alto,SMS,Miercoles,Tarde,8,36,10,Alimentos,0
36,Otro,Medio,Redes_sociales,Sabado,Manana,11,97,10,Hogar,1
36,M,Alto,Email,Viernes,Mediodia,24,61,30,Tecnologia,1
29,M,Alto,Redes_sociales,Sabado,Tarde,14,130,5,Moda,0
56,M,Bajo,SMS,Domingo,Noche,14,29,30,Belleza,1
35,M,Medio,Email,Sabado,Tarde,27,81,5,Hogar,1
20,M,Alto,Push_app,Lunes,Noche,23,22,10,Belleza,0
26,F,Medio,Push_app,Sabado,Manana,20,65,5,Hogar,0
23,F,Medio,Redes_sociales,Viernes,Mediodia,15,1,20,Moda,1
18,M,Medio,SMS,Domingo,Tarde,22,154,5,Tecnologia,1
59,F,Bajo,Email,Viernes,Tarde,19,175,5,Tecnologia,0
57,F,Bajo,Push_app,Lunes,Tarde,25,62,20,Belleza,1
46,M,Medio,Email,Miercoles,Noche,14,4,20,Moda,0
52,F,Medio,Email,Viernes,Manana,4,128,20,Belleza,0
52,M,Medio,Email,Sabado,Manana,11,149,30,Tecnologia,1
47,M,Alto,Email,Sabado,Mediodia,3,73,10,Alimentos,0
52,F,Bajo,Redes_sociales,Lunes,Mediodia,2,108,5,Belleza,0
56,M,Medio,Email,Martes,Manana,28,23,20,Hogar,0
39,M,Medio,Push_app,Martes,Manana,26,58,20,Tecnologia,1
60,M,Alto,Push_app,Domingo,Manana,28,177,10,Hogar,0
45,F,Medio,Redes_sociales,Lunes,Tarde,0,22,15,Moda,0
35,M,Medio,Push_app,Martes,Noche,12,145,5,Tecnologia,0
49,F,Medio,Email,Viernes,Manana,4,88,15,Tecnologia,0
22,F,Medio,Push_app,Lunes,Mediodia,11,21,15,Belleza,0
51,M,Bajo,SMS,Sabado,Noche,1,43,20,Belleza,0
48,M,Bajo,Email,Domingo,Tarde,5,43,30,Hogar,0
63,M,Bajo,Redes_sociales,Domingo,Noche,4,36,10,Belleza,0
50,M,Bajo,SMS,Viernes,Manana,26,6,5,Alimentos,0
21,M,Medio,Push_app,Jueves,Noche,17,23,5,Tecnologia,1
31,M,Medio,SMS,Miercoles,Mediodia,23,168,5,Moda,0
32,M,Bajo,Push_app,Sabado,Noche,4,69,30,Tecnologia,1
37,M,Bajo,Push_app,Sabado,Manana,17,70,15,Hogar,1
37,F,Medio,Push_app,Miercoles,Noche,15,145,0,Belleza,0
52,M,Bajo,Redes_sociales,Miercoles,Noche,16,71,10,Tecnologia,0
21,F,Bajo,SMS,Lunes,Noche,1,59,0,Belleza,0
35,M,Alto,Redes_sociales,Jueves,Mediodia,16,179,15,Hogar,0
41,F,Bajo,Push_app,Miercoles,Noche,9,176,20,Belleza,0
44,F,Bajo,Email,Viernes,Noche,25,44,0,Moda,0
50,M,Bajo,Email,Sabado,Tarde,2,136,0,Hogar,0
42,F,Alto,Redes_sociales,Miercoles,Noche,13,115,10,Tecnologia,0
22,M,Medio,Email,Jueves,Noche,18,153,15,Tecnologia,1
35,F,Bajo,SMS,Viernes,Tarde,11,153,10,Moda,0
62,F,Medio,Email,Viernes,Mediodia,25,29,20,Alimentos,1
63,M,Bajo,Email,Lunes,Mediodia,0,26,30,Belleza,1
37,F,Medio,Push_app,Lunes,Tarde,6,131,30,Tecnologia,0
52,F,Medio,SMS,Martes,Tarde,25,178,30,Moda,0
23,M,Bajo,SMS,Jueves,Noche,6,82,5,Belleza,0
44,F,Medio,Email,Domingo,Mediodia,12,97,30,Hogar,0
45,F,Medio,Push_app,Viernes,Mediodia,8,69,30,Moda,0
28,M,Alto,Email,Jueves,Noche,4,78,15,Hogar,0
26,F,Alto,Email,Miercoles,Manana,3,137,30,Hogar,1
45,M,Medio,Redes_sociales,Domingo,Noche,4,117,30,Hogar,0
36,F,Alto,Push_app,Sabado,Manana,23,105,20,Belleza,1
56,M,Medio,Redes_sociales,Miercoles,Noche,23,35,20,Alimentos,1
38,F,Alto,Email,Sabado,Tarde,27,45,0,Hogar,1
48,F,Medio,Email,Martes,Noche,19,103,10,Tecnologia,0
59,F,Medio,Push_app,Viernes,Tarde,11,133,0,Belleza,0
24,Otro,Alto,SMS,Sabado,Manana,7,107,0,Belleza,0
54,M,Alto,Email,Viernes,Manana,12,103,5,Hogar,0
42,M,Bajo,Email,Sabado,Tarde,3,69,10,Tecnologia,0
45,F,Bajo,Redes_sociales,Martes,Tarde,19,88,5,Moda,0
53,M,Alto,Redes_sociales,Miercoles,Mediodia,10,2,30,Belleza,1
34,M,Medio,Push_app,Viernes,Mediodia,14,177,20,Hogar,0
43,F,Alto,Redes_sociales,Domingo,Noche,23,41,30,Hogar,1
45,F,Medio,SMS,Sabado,Tarde,13,109,5,Alimentos,0
54,M,Alto,Email,Jueves,Manana,17,166,20,Alimentos,0
34,F,Medio,Redes_sociales,Viernes,Mediodia,19,117,0,Moda,0
34,F,Bajo,SMS,Sabado,Tarde,0,54,30,Moda,0
50,F,Medio,Email,Sabado,Manana,0,138,5,Moda,0
51,F,Alto,Email,Miercoles,Manana,10,113,30,Moda,0
40,M,Medio,SMS,Viernes,Tarde,28,29,10,Hogar,0
47,F,Medio,Email,Viernes,Noche,28,107,5,Hogar,1
44,M,Medio,SMS,Lunes,Mediodia,28,80,20,Hogar,1
26,F,Medio,SMS,Sabado,Mediodia,23,156,15,Tecnologia,0
37,F,Alto,Redes_sociales,Viernes,Tarde,19,16,30,Moda,1
40,M,Bajo,Push_app,Sabado,Noche,29,32,30,Tecnologia,1
64,F,Bajo,SMS,Martes,Manana,5,101,10,Belleza,0
36,F,Medio,Redes_sociales,Martes,Noche,4,20,20,Belleza,1
54,F,Medio,Email,Jueves,Mediodia,12,110,30,Hogar,0
62,M,Alto,Redes_sociales,Viernes,Tarde,9,9,15,Belleza,0
21,F,Bajo,SMS,Jueves,Mediodia,5,102,30,Hogar,0
30,F,Alto,Redes_sociales,Miercoles,Tarde,3,38,10,Moda,0
55,F,Alto,Push_app,Sabado,Noche,3,77,15,Tecnologia,0
29,F,Bajo,Email,Miercoles,Mediodia,6,174,0,Hogar,0
26,F,Alto,Redes_sociales,Lunes,Noche,15,85,0,Alimentos,1
32,F,Medio,Email,Lunes,Mediodia,0,51,30,Alimentos,0
38,M,Medio,SMS,Viernes,Noche,8,40,5,Moda,1
32,F,Bajo,Push_app,Viernes,Mediodia,25,174,5,Tecnologia,0
22,F,Alto,Push_app,Jueves,Tarde,18,86,5,Hogar,0
22,F,Medio,Redes_sociales,Jueves,Noche,19,87,5,Moda,0
42,M,Alto,Email,Viernes,Noche,14,170,30,Tecnologia,0
41,M,Medio,Email,Domingo,Tarde,8,36,15,Alimentos,1
54,M,Medio,Redes_sociales,Viernes,Manana,20,122,10,Hogar,0
48,F,Bajo,Redes_sociales,Lunes,Mediodia,27,63,10,Tecnologia,1
63,M,Bajo,Redes_sociales,Lunes,Mediodia,19,152,5,Belleza,0
51,M,Medio,Redes_sociales,Lunes,Tarde,27,118,0,Hogar,0
58,F,Alto,Push_app,Viernes,Mediodia,21,149,20,Belleza,0
31,M,Bajo,Redes_sociales,Jueves,Noche,0,170,5,Moda,0
44,F,Alto,Email,Martes,Noche,25,123,5,Tecnologia,1
64,F,Alto,SMS,Martes,Tarde,0,35,30,Tecnologia,0
21,Otro,Medio,Email,Jueves,Noche,15,45,0,Tecnologia,0
40,M,Bajo,Redes_sociales,Jueves,Manana,4,21,20,Tecnologia,1
55,M,Alto,Push_app,Domingo,Mediodia,20,34,15,Hogar,1
63,M,Bajo,Redes_sociales,Jueves,Tarde,26,112,15,Belleza,1
22,F,Bajo,SMS,Lunes,Tarde,8,174,20,Belleza,0
44,M,Bajo,Redes_sociales,Miercoles,Mediodia,0,32,20,Moda,0
60,M,Alto,SMS,Domingo,Manana,18,140,15,Moda,0
31,F,Medio,Redes_sociales,Viernes,Tarde,15,55,5,Tecnologia,0
24,M,Bajo,Push_app,Lunes,Mediodia,2,66,5,Alimentos,1
63,F,Bajo,Email,Martes,Manana,3,12,30,Alimentos,0
62,F,Medio,SMS,Viernes,Tarde,11,49,0,Tecnologia,0
35,M,Bajo,Email,Jueves,Manana,28,27,20,Belleza,1
49,F,Alto,Redes_sociales,Sabado,Tarde,6,103,5,Moda,0
19,F,Medio,Email,Domingo,Mediodia,14,97,5,Hogar,0
58,M,Medio,Push_app,Domingo,Mediodia,22,95,0,Alimentos,0
60,M,Bajo,Push_app,Martes,Mediodia,14,86,20,Moda,0
37,F,Medio,Email,Jueves,Manana,25,87,0,Alimentos,1
46,M,Bajo,Email,Sabado,Noche,4,151,0,Belleza,0
60,F,Alto,Push_app,Jueves,Manana,29,124,15,Belleza,1
43,F,Medio,SMS,Jueves,Mediodia,24,80,0,Tecnologia,0
55,M,Bajo,SMS,Viernes,Tarde,22,6,20,Tecnologia,0
18,F,Bajo,Push_app,Martes,Noche,1,73,5,Alimentos,1
22,M,Alto,Push_app,Martes,Manana,11,82,5,Alimentos,0
31,M,Bajo,SMS,Jueves,Manana,18,23,15,Moda,1
42,F,Medio,Email,Lunes,Tarde,26,136,20,Tecnologia,1
26,M,Medio,Email,Miercoles,Tarde,22,113,5,Belleza,0
47,F,Bajo,Redes_sociales,Sabado,Mediodia,4,14,0,Moda,0
36,F,Medio,SMS,Lunes,Manana,22,112,10,Moda,0
57,M,Medio,Push_app,Viernes,Tarde,24,121,10,Hogar,1
25,M,Medio,Redes_sociales,Sabado,Tarde,24,85,10,Belleza,1
33,M,Medio,Email,Miercoles,Noche,2,144,10,Moda,0
25,F,Alto,SMS,Lunes,Mediodia,23,18,0,Hogar,0
40,M,Bajo,Redes_sociales,Sabado,Mediodia,28,8,5,Tecnologia,1
26,M,Medio,Email,Domingo,Manana,5,63,15,Belleza,0
49,F,Bajo,Push_app,Martes,Tarde,12,37,0,Tecnologia,0
54,M,Alto,Email,Lunes,Mediodia,19,135,5,Hogar,0
51,M,Bajo,Email,Jueves,Manana,14,133,20,Belleza,0
63,F,Medio,SMS,Viernes,Mediodia,3,176,5,Alimentos,0
35,M,Medio,Push_app,Lunes,Manana,19,101,5,Alimentos,0
62,M,Alto,SMS,Sabado,Tarde,6,172,5,Alimentos,0
61,M,Medio,Push_app,Lunes,Mediodia,21,148,0,Moda,0
32,F,Medio,Redes_sociales,Sabado,Manana,17,92,5,Alimentos,0
32,M,Alto,Email,Miercoles,Manana,20,33,5,Moda,1
46,M,Medio,SMS,Jueves,Tarde,20,139,20,Moda,0
40,M,Alto,Push_app,Domingo,Mediodia,21,38,20,Hogar,1
40,Otro,Bajo,SMS,Miercoles,Manana,6,95,10,Alimentos,0
18,M,Medio,Email,Domingo,Manana,11,5,30,Belleza,0
39,M,Alto,Email,Viernes,Manana,10,80,0,Moda,0
24,F,Alto,Redes_sociales,Viernes,Manana,23,31,5,Hogar,1
62,M,Alto,Push_app,Sabado,Mediodia,11,135,10,Moda,1
49,F,Medio,Push_app,Jueves,Noche,25,165,10,Belleza,1
45,F,Alto,Redes_sociales,Miercoles,Mediodia,29,146,0,Belleza,0
49,M,Bajo,Redes_sociales,Jueves,Manana,14,8,30,Alimentos,1
50,F,Bajo,Push_app,Miercoles,Mediodia,7,179,10,Moda,1
60,M,Bajo,Push_app,Sabado,Mediodia,10,155,10,Belleza,0
30,M,Alto,SMS,Sabado,Tarde,20,61,0,Tecnologia,1
45,F,Bajo,Push_app,Sabado,Tarde,17,175,15,Belleza,1
26,M,Medio,SMS,Martes,Manana,9,113,10,Belleza,0
60,M,Bajo,SMS,Jueves,Noche,7,166,20,Moda,0
20,M,Bajo,SMS,Domingo,Tarde,5,18,10,Belleza,0
34,F,Medio,SMS,Viernes,Mediodia,2,32,0,Hogar,0
51,F,Medio,Email,Miercoles,Manana,19,63,0,Belleza,0
49,M,Bajo,Redes_sociales,Martes,Noche,11,25,30,Tecnologia,0
26,M,Medio,Redes_sociales,Viernes,Tarde,16,172,15,Belleza,0
58,Otro,Bajo,Push_app,Miercoles,Manana,2,0,15,Alimentos,0
18,F,Medio,Redes_sociales,Martes,Noche,19,162,30,Moda,1
59,M,Bajo,Redes_sociales,Viernes,Manana,17,76,30,Tecnologia,1
37,F,Medio,Email,Viernes,Noche,29,102,20,Hogar,1
22,M,Bajo,SMS,Martes,Tarde,11,95,20,Belleza,0
57,F,Medio,SMS,Viernes,Mediodia,21,172,10,Belleza,0
62,F,Bajo,SMS,Miercoles,Mediodia,23,75,15,Hogar,0
38,M,Medio,Redes_sociales,Domingo,Tarde,15,32,20,Belleza,0
22,F,Medio,Redes_sociales,Miercoles,Tarde,27,81,10,Alimentos,0
21,F,Medio,Push_app,Viernes,Tarde,21,68,5,Tecnologia,1
25,F,Medio,Email,Lunes,Noche,9,82,10,Belleza,0
42,M,Alto,Email,Sabado,Noche,18,158,20,Hogar,1
24,F,Alto,Push_app,Martes,Noche,8,105,10,Hogar,0
54,M,Medio,Push_app,Lunes,Noche,13,101,5,Tecnologia,0
59,M,Medio,Push_app,Miercoles,Noche,19,113,20,Alimentos,0
49,M,Medio,SMS,Viernes,Noche,13,142,10,Tecnologia,0
34,F,Medio,SMS,Jueves,Noche,21,45,20,Belleza,1
45,M,Medio,SMS,Domingo,Tarde,3,119,30,Alimentos,0
23,F,Bajo,SMS,Jueves,Noche,14,47,30,Alimentos,1
59,M,Medio,Push_app,Sabado,Manana,19,67,10,Hogar,1
59,F,Medio,Push_app,Lunes,Noche,26,82,0,Alimentos,0
53,M,Medio,Push_app,Lunes,Mediodia,1,84,20,Belleza,0
19,M,Medio,SMS,Lunes,Mediodia,25,125,20,Belleza,0
48,F,Bajo,SMS,Miercoles,Tarde,17,167,30,Belleza,0
18,F,Medio,Redes_sociales,Sabado,Mediodia,1,120,30,Moda,0
20,M,Alto,Push_app,Domingo,Mediodia,17,128,20,Alimentos,0
30,F,Bajo,Email,Sabado,Mediodia,7,19,20,Alimentos,0
48,M,Medio,Email,Miercoles,Tarde,9,149,30,Belleza,0
46,F,Alto,Redes_sociales,Sabado,Tarde,19,64,10,Hogar,0
61,M,Medio,SMS,Domingo,Noche,3,142,15,Alimentos,1
50,M,Alto,Push_app,Viernes,Mediodia,9,60,10,Moda,0
27,F,Alto,SMS,Miercoles,Noche,9,78,5,Alimentos,1
55,M,Bajo,SMS,Viernes,Tarde,26,13,0,Tecnologia,1
26,F,Bajo,Email,Viernes,Noche,29,68,10,Moda,1
18,M,Bajo,Email,Lunes,Noche,2,121,10,Hogar,1
61,M,Medio,Push_app,Jueves,Mediodia,20,48,20,Moda,1
54,F,Alto,Push_app,Domingo,Tarde,3,133,5,Moda,0
49,M,Bajo,SMS,Lunes,Mediodia,22,168,20,Alimentos,0
50,M,Alto,SMS,Miercoles,Noche,9,158,30,Moda,0
19,M,Bajo,Redes_sociales,Martes,Tarde,6,115,20,Belleza,0
63,M,Alto,SMS,Miercoles,Noche,21,89,15,Moda,1
19,M,Bajo,Redes_sociales,Domingo,Noche,22,88,0,Alimentos,1
22,F,Medio,SMS,Jueves,Mediodia,11,178,15,Belleza,0
27,M,Bajo,SMS,Miercoles,Tarde,6,116,20,Hogar,0
55,F,Bajo,SMS,Jueves,Tarde,12,121,0,Tecnologia,0
54,M,Bajo,Push_app,Martes,Mediodia,7,176,10,Moda,0
19,F,Bajo,Push_app,Martes,Manana,26,167,5,Belleza,0
58,M,Bajo,Push_app,Sabado,Mediodia,12,14,15,Belleza,1
59,M,Medio,Redes_sociales,Viernes,Mediodia,0,6,5,Hogar,0
57,M,Medio,Redes_sociales,Domingo,Manana,15,53,20,Hogar,0
42,M,Medio,Push_app,Miercoles,Tarde,18,179,0,Tecnologia,0
55,F,Medio,Redes_sociales,Viernes,Manana,27,178,30,Tecnologia,1
54,M,Medio,Push_app,Lunes,Noche,18,3,10,Alimentos,0
35,F,Alto,Email,Domingo,Noche,20,0,0,Tecnologia,1
44,F,Alto,Push_app,Lunes,Mediodia,25,104,30,Tecnologia,1
37,M,Medio,Email,Lunes,Noche,29,65,5,Belleza,0
51,M,Bajo,SMS,Sabado,Manana,12,162,5,Moda,0
61,F,Medio,Redes_sociales,Lunes,Noche,28,80,10,Moda,0
25,M,Medio,Redes_sociales,Lunes,Tarde,6,137,30,Tecnologia,0
21,F,Bajo,Push_app,Miercoles,Mediodia,14,67,30,Alimentos,1
47,F,Medio,SMS,Viernes,Mediodia,25,101,10,Alimentos,1
53,F,Bajo,SMS,Viernes,Tarde,5,50,0,Moda,0
26,F,Bajo,SMS,Jueves,Tarde,3,29,15,Hogar,1
58,F,Medio,SMS,Lunes,Mediodia,21,38,0,Belleza,0
29,F,Bajo,Redes_sociales,Martes,Tarde,22,137,5,Tecnologia,0
31,M,Bajo,Push_app,Jueves,Noche,19,171,0,Belleza,1
52,M,Bajo,Push_app,Jueves,Noche,10,159,20,Tecnologia,0
23,F,Medio,Email,Miercoles,Noche,23,171,0,Tecnologia,0
64,F,Bajo,Redes_sociales,Jueves,Noche,20,62,0,Moda,0
40,F,Medio,Email,Martes,Manana,18,60,30,Belleza,1
21,F,Bajo,SMS,Viernes,Manana,1,64,20,Belleza,0
18,M,Bajo,Push_app,Jueves,Manana,16,168,5,Hogar,0
26,F,Bajo,Email,Miercoles,Manana,14,80,10,Hogar,0
26,M,Medio,Redes_sociales,Domingo,Noche,19,11,0,Belleza,0
61,F,Bajo,Push_app,Lunes,Noche,17,123,15,Hogar,0
63,F,Medio,Redes_sociales,Martes,Tarde,11,1,30,Hogar,1
32,M,Medio,Push_app,Lunes,Manana,2,72,30,Tecnologia,1
41,F,Medio,Redes_sociales,Sabado,Manana,16,75,10,Moda,0
25,Otro,Medio,Redes_sociales,Jueves,Mediodia,13,24,15,Tecnologia,0
45,F,Medio,Push_app,Viernes,Tarde,28,117,0,Hogar,0
59,M,Alto,Redes_sociales,Miercoles,Noche,5,107,15,Tecnologia,0
63,M,Bajo,Redes_sociales,Domingo,Tarde,3,98,30,Tecnologia,0
34,F,Bajo,SMS,Martes,Tarde,20,21,10,Alimentos,1
52,M,Bajo,Push_app,Viernes,Mediodia,7,55,15,Tecnologia,0
48,M,Alto,Email,Martes,Mediodia,26,148,15,Tecnologia,1
21,F,Alto,Push_app,Miercoles,Tarde,19,54,10,Moda,1
31,F,Alto,Push_app,Miercoles,Manana,21,39,10,Belleza,0
42,M,Medio,SMS,Jueves,Noche,2,178,10,Alimentos,0
63,M,Alto,Email,Martes,Mediodia,7,149,30,Alimentos,0
57,F,Bajo,Email,Sabado,Mediodia,12,155,10,Alimentos,0
24,F,Medio,Email,Sabado,Noche,18,120,20,Alimentos,1
48,M,Alto,Redes_sociales,Jueves,Mediodia,14,3,0,Moda,0
52,M,Medio,Redes_sociales,Martes,Tarde,22,25,30,Belleza,1
55,F,Bajo,Redes_sociales,Martes,Noche,6,111,10,Moda,0
37,M,Medio,Email,Lunes,Manana,2,112,5,Alimentos,1
33,M,Bajo,Push_app,Jueves,Mediodia,18,22,15,Belleza,1
39,F,Bajo,Push_app,Martes,Mediodia,25,168,10,Moda,0
53,F,Medio,Email,Martes,Tarde,9,57,10,Belleza,0
36,F,Bajo,Email,Miercoles,Manana,27,7,0,Moda,0
19,F,Bajo,SMS,Domingo,Mediodia,26,115,10,Belleza,1
21,F,Medio,Redes_sociales,Lunes,Noche,15,50,30,Moda,1
51,F,Medio,Redes_sociales,Sabado,Noche,13,0,20,Alimentos,1
24,F,Bajo,Redes_sociales,Sabado,Tarde,7,119,5,Alimentos,0
64,F,Bajo,SMS,Miercoles,Tarde,10,29,5,Alimentos,0
31,M,Alto,SMS,Domingo,Mediodia,18,16,10,Moda,1
60,F,Bajo,SMS,Domingo,Tarde,1,150,0,Belleza,0
49,F,Medio,Email,Jueves,Noche,4,101,30,Belleza,0
34,M,Alto,SMS,Sabado,Tarde,10,121,30,Hogar,0
54,F,Medio,Push_app,Jueves,Noche,6,151,10,Tecnologia,0
31,M,Bajo,Email,Martes,Mediodia,7,85,15,Alimentos,0
34,M,Medio,Email,Viernes,Noche,16,68,30,Alimentos,0
49,M,Medio,Redes_sociales,Domingo,Tarde,11,88,30,Alimentos,0
19,M,Medio,Redes_sociales,Domingo,Noche,17,179,30,Hogar,0
56,M,Medio,SMS,Miercoles,Noche,28,70,5,Hogar,1
21,F,Bajo,Push_app,Domingo,Manana,6,57,30,Hogar,1
57,F,Bajo,Email,Jueves,Manana,8,149,15,Alimentos,0
47,F,Medio,Email,Domingo,Mediodia,18,58,20,Belleza,1
47,Otro,Medio,Email,Martes,Noche,13,171,5,Alimentos,1
50,F,Medio,Redes_sociales,Martes,Noche,23,36,5,Hogar,1
59,F,Bajo,Redes_sociales,Miercoles,Noche,29,161,20,Hogar,0
18,F,Medio,Push_app,Domingo,Manana,25,99,15,Tecnologia,1
50,F,Medio,Redes_sociales,Sabado,Noche,18,112,10,Moda,1
53,M,Alto,Push_app,Martes,Manana,19,167,0,Tecnologia,0
48,M,Medio,Redes_sociales,Lunes,Mediodia,17,19,15,Tecnologia,1
54,F,Medio,Push_app,Sabado,Noche,24,16,20,Alimentos,1
31,M,Medio,Redes_sociales,Viernes,Noche,29,179,30,Moda,0
23,M,Medio,Redes_sociales,Miercoles,Tarde,14,3,30,Moda,1
24,M,Medio,SMS,Miercoles,Manana,20,49,20,Alimentos,1
57,F,Medio,SMS,Miercoles,Tarde,20,81,30,Belleza,1
41,M,Bajo,SMS,Martes,Mediodia,3,49,20,Alimentos,1
21,F,Medio,Push_app,Martes,Manana,12,15,5,Belleza,0
42,M,Bajo,Push_app,Miercoles,Noche,4,71,10,Belleza,1
20,F,Alto,Push_app,Miercoles,Noche,11,60,5,Moda,0
45,F,Bajo,Push_app,Lunes,Noche,29,43,5,Alimentos,1
40,M,Bajo,SMS,Jueves,Noche,16,145,5,Alimentos,0
53,F,Bajo,Email,Sabado,Mediodia,9,49,20,Moda,1
30,F,Bajo,Redes_sociales,Sabado,Noche,29,79,15,Tecnologia,0
39,M,Bajo,Redes_sociales,Lunes,Noche,25,29,0,Alimentos,0
42,M,Bajo,Push_app,Miercoles,Noche,11,48,0,Hogar,0
60,M,Bajo,SMS,Domingo,Tarde,5,97,10,Hogar,0
41,F,Bajo,Email,Martes,Mediodia,26,148,10,Alimentos,0
60,M,Alto,SMS,Martes,Manana,19,149,20,Belleza,0
54,M,Bajo,Redes_sociales,Miercoles,Mediodia,27,174,0,Moda,0
50,F,Alto,Push_app,Jueves,Mediodia,19,24,15,Belleza,1
31,M,Alto,Push_app,Viernes,Mediodia,11,55,20,Hogar,0
41,M,Bajo,SMS,Viernes,Noche,12,155,10,Hogar,0
39,F,Bajo,Push_app,Lunes,Tarde,20,160,20,Moda,0
54,M,Bajo,Email,Sabado,Tarde,29,3,10,Hogar,1
40,F,Medio,Redes_sociales,Jueves,Tarde,16,11,0,Tecnologia,0
23,F,Medio,Email,Viernes,Tarde,19,144,20,Hogar,1
36,M,Bajo,SMS,Jueves,Manana,9,35,5,Belleza,0
29,F,Bajo,Redes_sociales,Martes,Tarde,18,15,30,Belleza,1
43,F,Medio,Email,Martes,Noche,4,150,10,Tecnologia,0
46,F,Bajo,Email,Domingo,Noche,25,120,5,Belleza,1
31,M,Alto,Email,Jueves,Tarde,4,136,10,Belleza,0
34,M,Medio,Redes_sociales,Miercoles,Manana,7,77,5,Belleza,0
47,F,Bajo,Redes_sociales,Viernes,Tarde,29,54,0,Alimentos,0
24,M,Bajo,Push_app,Viernes,Noche,16,72,0,Tecnologia,1
38,F,Medio,SMS,Martes,Noche,2,63,15,Tecnologia,1
18,F,Bajo,Push_app,Domingo,Noche,20,174,15,Hogar,0
55,M,Bajo,SMS,Domingo,Mediodia,15,89,15,Tecnologia,1
21,F,Bajo,Redes_sociales,Sabado,Noche,26,137,20,Moda,0
63,F,Bajo,Email,Lunes,Tarde,18,88,10,Tecnologia,1
25,M,Medio,Push_app,Viernes,Noche,5,3,20,Moda,1
35,F,Bajo,Redes_sociales,Martes,Manana,9,29,15,Belleza,1
62,M,Medio,Redes_sociales,Domingo,Mediodia,15,138,10,Moda,0
25,F,Bajo,Redes_sociales,Martes,Manana,12,50,20,Alimentos,0
48,F,Medio,Push_app,Jueves,Noche,2,146,0,Belleza,0
48,F,Medio,Redes_sociales,Jueves,Mediodia,21,140,10,Moda,0
45,M,Medio,SMS,Sabado,Mediodia,7,130,15,Belleza,0
54,M,Medio,SMS,Jueves,Mediodia,19,111,0,Alimentos,0
20,F,Bajo,Email,Lunes,Noche,7,77,10,Belleza,0
62,M,Alto,Push_app,Domingo,Manana,6,165,20,Belleza,0
32,F,Medio,Push_app,Viernes,Noche,26,26,30,Tecnologia,1
21,F,Bajo,Push_app,Lunes,Mediodia,10,87,30,Hogar,1
52,M,Bajo,Push_app,Domingo,Noche,28,137,15,Moda,0
51,M,Bajo,Push_app,Lunes,Mediodia,19,117,20,Hogar,0
53,F,Medio,Redes_sociales,Jueves,Mediodia,2,154,0,Alimentos,0
23,F,Bajo,Redes_sociales,Sabado,Mediodia,20,6,0,Alimentos,1
21,M,Alto,SMS,Martes,Noche,20,114,0,Belleza,0
47,F,Bajo,Push_app,Miercoles,Noche,29,91,10,Hogar,0
56,Otro,Medio,Push_app,Martes,Mediodia,6,89,15,Moda,0
35,M,Medio,Push_app,Martes,Tarde,10,81,30,Moda,1
39,M,Alto,SMS,Martes,Manana,16,12,0,Belleza,1
27,F,Bajo,Push_app,Martes,Mediodia,24,71,20,Moda,1
46,M,Alto,Push_app,Lunes,Mediodia,17,90,15,Tecnologia,1
40,F,Alto,Redes_sociales,Jueves,Mediodia,24,141,30,Hogar,1
21,F,Alto,SMS,Jueves,Mediodia,8,104,20,Alimentos,1
36,M,Alto,Redes_sociales,Martes,Mediodia,12,43,20,Moda,1
43,F,Alto,Email,Miercoles,Tarde,28,83,0,Moda,1
24,M,Medio,Push_app,Viernes,Noche,29,27,15,Moda,1
30,M,Alto,Email,Martes,Tarde,14,22,5,Belleza,0
20,M,Medio,Push_app,Martes,Mediodia,18,11,10,Alimentos,0
57,F,Medio,Email,Miercoles,Mediodia,14,151,5,Hogar,0
28,M,Medio,Redes_sociales,Lunes,Mediodia,6,50,10,Moda,0
33,M,Alto,SMS,Martes,Noche,2,107,15,Tecnologia,0
37,Otro,Bajo,Email,Miercoles,Manana,23,149,30,Belleza,1
40,Otro,Alto,Redes_sociales,Lunes,Manana,7,61,0,Hogar,0
40,M,Bajo,Email,Lunes,Tarde,12,25,15,Moda,1
49,M,Medio,Email,Sabado,Tarde,15,57,5,Hogar,0
58,F,Bajo,SMS,Domingo,Manana,2,142,20,Belleza,0
59,F,Medio,Redes_sociales,Domingo,Mediodia,20,67,10,Tecnologia,1
55,F,Alto,SMS,Sabado,Noche,22,5,10,Moda,1
20,M,Medio,Push_app,Sabado,Tarde,0,110,5,Tecnologia,0
25,M,Medio,SMS,Martes,Noche,2,129,0,Belleza,0
55,F,Bajo,SMS,Domingo,Mediodia,15,158,15,Tecnologia,0
57,F,Alto,Email,Lunes,Mediodia,0,23,5,Belleza,0
31,F,Alto,Email,Martes,Tarde,17,34,15,Tecnologia,0
25,F,Medio,Email,Martes,Manana,13,46,0,Hogar,0
28,F,Bajo,Redes_sociales,Jueves,Manana,29,30,20,Hogar,1
59,M,Medio,SMS,Viernes,Manana,6,88,15,Belleza,0
59,F,Medio,Push_app,Viernes,Mediodia,22,75,0,Hogar,0
60,M,Bajo,Email,Jueves,Mediodia,2,117,5,Tecnologia,0
50,M,Alto,Push_app,Domingo,Noche,28,129,30,Tecnologia,1
32,F,Alto,SMS,Martes,Noche,21,103,20,Moda,1
54,F,Bajo,SMS,Miercoles,Noche,15,58,20,Belleza,0
31,M,Alto,SMS,Lunes,Mediodia,28,95,20,Hogar,0
43,M,Bajo,Push_app,Jueves,Manana,5,62,10,Belleza,0
25,M,Medio,Push_app,Sabado,Mediodia,17,144,30,Hogar,0
21,M,Medio,Push_app,Jueves,Noche,28,53,0,Moda,1
53,F,Bajo,SMS,Jueves,Noche,24,124,15,Tecnologia,0
35,F,Bajo,SMS,Domingo,Noche,12,148,5,Tecnologia,0
44,F,Bajo,Email,Domingo,Noche,23,21,20,Alimentos,1
36,M,Medio,Redes_sociales,Jueves,Tarde,1,124,20,Belleza,0
20,M,Alto,Push_app,Viernes,Noche,11,96,20,Hogar,0
26,M,Medio,Redes_sociales,Martes,Mediodia,3,115,0,Alimentos,0
56,M,Medio,Push_app,Jueves,Tarde,8,28,5,Belleza,0
19,F,Medio,Push_app,Jueves,Manana,19,148,0,Hogar,0
26,F,Medio,Redes_sociales,Jueves,Mediodia,22,1,5,Moda,0
23,Otro,Alto,Redes_sociales,Miercoles,Mediodia,4,41,15,Belleza,0
55,F,Medio,Push_app,Miercoles,Manana,9,51,10,Hogar,0
45,F,Bajo,SMS,Lunes,Mediodia,5,37,5,Tecnologia,0
51,M,Bajo,Email,Martes,Tarde,0,130,30,Belleza,0
46,M,Alto,Push_app,Jueves,Manana,19,152,0,Hogar,1
20,F,Bajo,Email,Lunes,Tarde,4,76,0,Tecnologia,0
33,F,Alto,SMS,Domingo,Noche,5,142,0,Tecnologia,0
61,F,Bajo,SMS,Sabado,Manana,21,104,10,Alimentos,1
52,M,Medio,Email,Lunes,Tarde,20,9,5,Hogar,0
28,Otro,Bajo,Push_app,Sabado,Noche,18,119,5,Alimentos,1
60,M,Alto,Email,Sabado,Tarde,10,126,5,Alimentos,0
40,M,Medio,Push_app,Martes,Tarde,14,113,5,Moda,0
