marketing,precio,temporada,tienda,canal,ventas
5548.49,25.74,2,Sur,Tienda,461.7
3128.03,31.6,3,Occidente,Tienda,229.12
6350.81,37.94,3,Centro,Tienda,397.16
6693.02,34.28,3,Norte,Tienda,458.31
1488.14,30.45,1,Occidente,Tienda,197.7
2656.08,30.28,3,Oriente,Tienda,344.71
5230.11,30.01,2,Norte,Tienda,442.71
4430.76,28.84,4,Oriente,Tienda,372.03
4969.76,50.97,4,Oriente,Mayorista,395.24
3464.52,37.08,3,Oriente,Tienda,299.45
6582.92,41.21,4,Occidente,Tienda,402.24
6400.03,31.58,3,Centro,Mayorista,495.36
5118.86,33.7,1,Centro,Mayorista,392.91
7029.03,30.01,3,Oriente,Online,434.87
5841.52,16.44,4,Norte,Tienda,549.52
3453.27,25.35,1,Norte,Tienda,293.55
5663.75,22.33,1,Occidente,Tienda,277.78
3274.01,19.25,2,Sur,Tienda,254.82
6581.21,26.63,4,Centro,Tienda,516.52
4910.13,44.27,3,Sur,Online,396.67
4667.25,34.69,4,Sur,Tienda,418.9
3774.33,44.03,4,Centro,Online,366.14
7200.57,37.88,3,Occidente,Tienda,470.39
4721.85,40.48,3,Centro,Tienda,352.59
4229.01,28.69,2,Norte,Online,438.43
4366.16,38.67,1,Sur,Mayorista,385.84
5958.16,40.1,2,Norte,Tienda,353.62
5657.8,30.96,3,Occidente,Online,392.23
5742.92,38.92,1,Sur,Tienda,309.71
5775.48,38.96,1,Sur,Tienda,430.72
8854.97,31.15,1,Norte,Online,487.52
4268.45,27.14,3,Centro,Tienda,472.12
4077.96,26.71,4,Occidente,Tienda,446.57
3535.21,35.61,4,Centro,Tienda,420.42
6108.76,37.29,2,Oriente,Tienda,272.14
7032.15,29.45,3,Norte,Tienda,522.42
4794.89,35.19,4,Norte,Tienda,390.0
3487.72,38.99,3,Oriente,Mayorista,442.93
3515.93,39.33,2,Norte,Online,404.7
6171.07,45.86,2,Centro,Tienda,240.51
6337.86,43.94,3,Sur,Tienda,356.49
5977.68,27.99,2,Norte,Online,493.24
3802.08,46.79,4,Centro,Tienda,374.52
5417.89,31.28,4,Occidente,Tienda,439.0
5210.03,42.31,1,Norte,Online,346.67
5393.64,35.48,3,Occidente,Tienda,303.82
6568.57,32.11,2,Centro,Tienda,392.58
5402.47,22.35,3,Oriente,Tienda,371.74
6222.04,33.8,2,Norte,Tienda,400.34
5121.64,24.08,2,Occidente,Tienda,401.84
5520.41,41.77,2,Norte,Mayorista,418.39
6136.32,45.62,1,Occidente,Tienda,298.75
2377.12,29.42,4,Oriente,Online,379.06
4424.59,37.11,1,Sur,Online,251.65
4153.33,29.92,2,Norte,Tienda,327.57
3850.02,30.6,1,Oriente,Tienda,255.58
4504.74,40.42,1,Norte,Tienda,425.35
7690.89,34.73,2,Oriente,Online,416.57
3441.5,47.18,4,Oriente,Tienda,240.22
6742.9,31.62,4,Sur,Online,339.99
1970.83,42.0,2,Sur,Mayorista,365.27
4397.21,35.68,3,Sur,Online,389.89
5292.96,40.57,4,Sur,Mayorista,516.43
6055.2,31.87,1,Norte,Online,382.43
6280.21,34.65,4,Sur,Mayorista,511.03
6428.03,34.19,1,Oriente,Online,371.98
4372.29,29.15,1,Sur,Online,317.36
4167.77,39.63,2,Oriente,Online,297.61
6544.36,39.55,1,Occidente,Mayorista,375.88
4655.65,39.15,4,Oriente,Tienda,381.0
2703.76,45.76,4,Centro,Online,406.93
2960.08,45.15,2,Sur,Tienda,317.31
3344.99,32.38,4,Occidente,Mayorista,416.43
5894.89,37.61,4,Sur,Tienda,352.35
5256.37,30.63,4,Centro,Online,574.25
6242.87,35.16,4,Centro,Online,466.32
4230.95,30.8,3,Oriente,Mayorista,375.89
5285.37,46.34,1,Centro,Tienda,304.86
6126.06,37.55,4,Oriente,Online,429.45
4443.18,33.47,3,Occidente,Online,372.28
5822.2,43.36,4,Sur,Mayorista,467.97
3808.53,19.81,4,Occidente,Mayorista,470.17
4346.5,20.9,1,Norte,Online,422.21
4312.87,40.57,2,Occidente,Online,231.35
2847.49,35.42,1,Norte,Tienda,401.51
5876.55,36.75,1,Occidente,Mayorista,361.97
4155.08,25.72,4,Sur,Tienda,431.92
5022.49,34.84,4,Occidente,Online,370.23
5865.34,49.02,4,Norte,Online,466.43
5803.76,40.77,4,Centro,Tienda,403.6
6197.69,36.19,3,Occidente,Tienda,441.7
4822.73,31.93,3,Norte,Tienda,403.4
4238.06,32.24,4,Sur,Mayorista,497.7
4856.51,20.1,3,Norte,Tienda,425.95
1962.8,36.8,3,Sur,Tienda,287.68
2395.2,40.92,1,Sur,Online,266.14
2619.14,23.97,3,Oriente,Tienda,374.58
3204.96,30.37,4,Sur,Mayorista,363.87
5719.59,26.9,3,Norte,Tienda,397.26
3370.14,28.24,2,Norte,Tienda,288.72
4319.31,35.37,1,Occidente,Tienda,224.52
7338.61,20.41,1,Occidente,Tienda,322.71
4358.72,39.3,3,Sur,Tienda,273.28
6327.53,40.28,3,Norte,Online,446.28
3319.49,33.24,4,Norte,Tienda,344.28
4630.21,17.64,4,Occidente,Tienda,375.5
3289.96,28.03,2,Oriente,Tienda,339.39
4389.74,43.63,4,Oriente,Tienda,360.55
6512.55,15.55,3,Sur,Mayorista,513.0
1890.82,32.57,2,Oriente,Tienda,205.52
5781.96,26.74,4,Norte,Mayorista,493.8
5427.92,40.63,1,Oriente,Tienda,211.11
3930.53,30.27,3,Centro,Tienda,385.23
2397.1,37.83,4,Sur,Tienda,387.78
5129.83,38.96,3,Oriente,Tienda,371.13
4046.91,47.85,4,Oriente,Online,395.73
5418.82,33.58,1,Centro,Tienda,303.83
5039.33,37.63,3,Norte,Tienda,422.78
7883.2,24.6,4,Norte,Online,560.77
4569.16,43.33,3,Occidente,Online,362.19
3157.7,29.68,4,Sur,Mayorista,541.19
5322.7,31.07,2,Sur,Mayorista,336.26
5395.99,34.84,3,Oriente,Online,373.39
7446.54,24.06,2,Sur,Online,493.04
6503.2,36.6,4,Sur,Online,399.23
5642.37,41.77,1,Oriente,Tienda,234.87
7633.95,37.05,2,Centro,Online,420.8
2860.23,23.88,1,Oriente,Tienda,241.29
3848.45,34.13,3,Norte,Online,375.77
3332.16,40.19,1,Centro,Mayorista,382.36
4298.34,21.85,2,Centro,Tienda,406.46
2521.96,27.48,4,Oriente,Online,405.57
6143.27,41.14,2,Norte,Mayorista,430.03
4600.0,36.89,1,Norte,Tienda,349.22
2352.55,37.88,1,Oriente,Tienda,172.32
3171.96,48.02,1,Oriente,Mayorista,261.29
5564.32,38.28,4,Occidente,Mayorista,561.68
6508.63,39.61,3,Sur,Tienda,388.29
8594.12,53.98,4,Occidente,Tienda,362.91
10244.95,33.5,1,Sur,Online,442.17
5745.94,29.41,2,Oriente,Tienda,265.82
3218.83,37.99,1,Norte,Tienda,264.19
1162.32,38.07,2,Occidente,Tienda,199.12
5481.88,31.31,3,Sur,Tienda,362.92
3536.71,27.77,4,Occidente,Online,462.5
4252.36,51.17,2,Sur,Online,350.12
3898.23,37.29,4,Oriente,Online,410.4
4746.58,29.87,3,Centro,Online,393.25
6918.76,41.41,2,Norte,Tienda,388.21
5282.69,34.24,4,Norte,Tienda,480.43
4714.46,33.23,2,Oriente,Tienda,271.8
3135.82,38.94,1,Norte,Tienda,302.15
1985.57,25.96,4,Sur,Tienda,386.09
4124.65,37.47,4,Centro,Tienda,394.87
4903.19,48.39,1,Sur,Tienda,276.81
8182.27,38.26,4,Norte,Tienda,583.6
5234.49,32.37,4,Oriente,Online,413.52
6768.93,31.45,4,Oriente,Online,503.87
4101.27,32.13,2,Oriente,Mayorista,386.53
2867.1,33.22,3,Occidente,Online,295.82
3262.79,32.36,3,Norte,Online,391.19
3694.59,41.41,3,Centro,Tienda,322.02
8831.25,22.87,3,Sur,Online,462.47
3521.5,41.03,3,Occidente,Tienda,313.15
6509.28,32.34,3,Centro,Tienda,456.91
3374.73,37.64,3,Norte,Tienda,448.19
6676.83,27.11,3,Oriente,Tienda,397.12
5692.91,44.3,1,Norte,Tienda,329.39
4718.05,43.72,1,Sur,Online,219.41
4926.63,41.72,4,Oriente,Online,399.25
3821.38,24.4,4,Centro,Online,473.71
5802.93,40.8,3,Oriente,Online,387.0
4181.03,37.83,1,Centro,Tienda,400.59
2793.91,23.76,4,Occidente,Tienda,431.21
2699.71,34.83,1,Centro,Online,360.78
5310.66,37.55,2,Norte,Tienda,348.44
7842.36,38.89,2,Norte,Tienda,411.4
5287.98,36.24,1,Oriente,Tienda,264.81
4786.45,37.04,4,Norte,Mayorista,488.48
5514.49,45.32,3,Sur,Online,416.62
7350.8,43.58,2,Norte,Tienda,431.85
5394.89,14.93,3,Sur,Online,406.78
4260.33,32.78,1,Centro,Tienda,371.71
6991.32,33.85,2,Norte,Tienda,434.37
5771.76,22.74,3,Centro,Tienda,358.34
7764.36,35.66,2,Occidente,Tienda,367.56
5329.82,43.74,4,Norte,Online,501.73
2795.96,27.39,1,Norte,Tienda,376.58
2537.31,37.35,1,Sur,Online,272.04
7971.67,28.59,3,Occidente,Tienda,460.71
8102.6,30.3,4,Centro,Online,545.65
4676.87,45.34,2,Oriente,Online,254.79
4310.26,31.2,1,Norte,Online,328.38
7630.6,38.24,4,Oriente,Online,502.57
3007.32,21.9,2,Norte,Mayorista,506.96
3389.49,48.04,1,Oriente,Tienda,224.67
6157.99,39.22,3,Norte,Online,545.79
4289.71,33.72,2,Occidente,Online,398.94
4990.78,39.03,4,Sur,Tienda,423.64
4705.8,25.13,2,Norte,Tienda,365.92
5607.63,43.28,3,Sur,Tienda,437.97
7533.47,32.73,3,Norte,Tienda,501.0
5163.05,33.57,1,Norte,Tienda,345.07
6159.09,31.56,2,Centro,Tienda,359.52
1309.69,30.94,1,Sur,Online,290.17
4912.31,39.86,3,Sur,Tienda,279.51
3482.19,36.79,4,Occidente,Online,431.9
2806.14,39.56,4,Norte,Tienda,369.52
3419.33,34.94,2,Sur,Online,359.85
4398.58,38.59,2,Norte,Tienda,349.66
6648.62,32.07,3,Centro,Tienda,420.43
2612.49,50.61,3,Sur,Tienda,256.69
5055.14,24.02,4,Norte,Online,518.29
4128.5,43.83,1,Norte,Tienda,407.3
4410.19,44.58,1,Occidente,Mayorista,388.1
6804.96,29.03,2,Norte,Tienda,452.47
5968.61,50.6,2,Oriente,Online,325.03
7407.32,41.97,2,Occidente,Tienda,388.19
4721.89,41.8,4,Centro,Online,503.07
3747.3,35.2,1,Sur,Tienda,236.2
4597.05,33.48,4,Oriente,Tienda,363.96
5436.49,33.53,3,Occidente,Tienda,285.45
5317.83,37.73,3,Norte,Tienda,477.02
3048.1,44.81,3,Occidente,Tienda,393.69
5162.88,36.27,1,Occidente,Mayorista,360.37
5410.81,28.62,3,Norte,Tienda,351.67
9531.45,40.77,1,Norte,Tienda,453.35
8378.32,41.45,3,Oriente,Mayorista,413.08
3464.16,39.58,3,Norte,Tienda,359.38
4482.71,40.22,3,Oriente,Tienda,344.43
2365.8,33.1,2,Norte,Online,399.52
3936.73,28.5,2,Oriente,Mayorista,344.05
5568.09,28.92,2,Sur,Online,365.26
7170.54,23.55,1,Norte,Tienda,425.27
3687.65,36.66,3,Norte,Mayorista,450.97
3822.54,34.42,1,Norte,Tienda,286.62
1134.88,31.92,2,Centro,Mayorista,353.43
4707.2,14.31,3,Norte,Online,519.96
3087.65,26.27,1,Occidente,Mayorista,332.4
4047.01,42.85,4,Oriente,Tienda,274.26
3421.65,30.35,2,Sur,Tienda,357.37
4830.33,37.52,1,Occidente,Online,194.9
1836.09,25.27,3,Oriente,Tienda,279.91
2359.32,45.07,3,Oriente,Tienda,239.91
8832.64,33.99,3,Norte,Mayorista,574.27
2682.64,37.03,4,Oriente,Online,390.8
3025.79,51.28,2,Centro,Tienda,342.48
8306.44,45.62,4,Occidente,Tienda,396.67
10229.12,32.85,2,Centro,Tienda,486.53
2891.18,30.85,3,Oriente,Tienda,316.07
4337.15,32.72,1,Sur,Tienda,212.33
5614.8,38.57,3,Norte,Online,555.6
8111.66,34.26,2,Norte,Online,424.31
3223.66,32.23,3,Occidente,Tienda,349.21
4558.5,45.27,4,Oriente,Tienda,359.53
6399.21,34.2,4,Sur,Online,480.77
5782.58,51.1,4,Oriente,Online,369.53
4322.92,35.64,1,Norte,Mayorista,450.2
4759.12,47.5,1,Norte,Tienda,255.7
2525.19,37.5,4,Centro,Online,418.74
4571.29,41.74,2,Oriente,Tienda,254.25
4520.5,29.93,1,Occidente,Tienda,258.04
5417.91,29.02,2,Oriente,Mayorista,410.87
4000.41,38.22,4,Sur,Tienda,425.24
5848.77,41.92,2,Occidente,Tienda,306.8
6822.89,35.28,1,Centro,Tienda,393.85
5279.77,26.0,3,Occidente,Tienda,382.68
5633.16,25.48,1,Norte,Tienda,347.72
5095.68,25.01,2,Norte,Online,442.59
5000.15,22.63,1,Norte,Tienda,369.01
3701.2,35.77,3,Occidente,Tienda,300.16
5569.69,42.88,2,Norte,Mayorista,474.5
4824.88,34.91,4,Occidente,Tienda,399.1
8767.7,19.18,2,Oriente,Mayorista,400.97
7832.04,33.66,1,Norte,Tienda,335.96
5694.52,33.86,1,Occidente,Online,360.51
3626.5,49.67,1,Norte,Tienda,264.28
2997.66,24.8,2,Norte,Online,430.47
7144.06,32.27,1,Centro,Tienda,405.98
5472.95,46.94,2,Sur,Mayorista,327.74
5864.26,38.15,4,Sur,Tienda,346.92
1859.75,38.94,4,Norte,Online,512.04
6669.39,35.8,3,Oriente,Tienda,380.69
5817.96,37.31,4,Norte,Tienda,452.51
3001.22,40.44,4,Sur,Tienda,312.06
4151.26,29.33,3,Centro,Tienda,370.15
5474.69,41.15,4,Centro,Tienda,373.56
5094.44,25.39,1,Oriente,Online,368.14
4474.09,37.3,4,Sur,Tienda,352.25
4813.72,36.25,2,Oriente,Tienda,344.73
4546.44,30.69,3,Oriente,Tienda,319.37
5274.61,34.84,4,Sur,Tienda,359.83
7648.69,30.64,2,Sur,Tienda,369.14
380.01,27.5,1,Centro,Online,181.01
4573.67,32.52,2,Centro,Tienda,353.59
5317.72,27.27,2,Norte,Mayorista,475.79
5532.79,37.26,4,Centro,Tienda,473.46
4330.55,26.95,4,Norte,Tienda,381.47
1837.9,39.98,3,Centro,Mayorista,451.4
5590.39,26.73,4,Occidente,Tienda,456.42
8109.23,31.04,2,Centro,Tienda,482.13
2239.05,30.63,2,Oriente,Mayorista,328.61
6554.89,44.28,4,Sur,Mayorista,525.63
4408.65,37.31,3,Occidente,Online,314.79
4889.62,33.52,3,Occidente,Tienda,389.71
3104.78,38.49,2,Occidente,Online,285.35
4397.98,20.25,3,Oriente,Mayorista,352.33
7340.08,34.7,4,Oriente,Mayorista,433.67
6048.78,48.98,2,Centro,Tienda,351.26
8118.16,35.93,1,Occidente,Tienda,303.59
7119.34,35.48,1,Occidente,Tienda,340.57
5790.36,38.84,1,Centro,Tienda,251.3
8139.08,41.27,2,Norte,Online,379.12
5790.19,21.02,3,Norte,Tienda,531.84
6490.38,23.22,4,Sur,Tienda,493.73
4466.17,36.47,1,Norte,Tienda,296.58
5119.78,30.0,4,Sur,Tienda,414.03
3744.64,44.18,3,Norte,Tienda,430.49
6781.25,32.79,1,Occidente,Tienda,342.06
2879.05,21.46,2,Norte,Tienda,388.43
6408.23,26.12,2,Oriente,Mayorista,464.77
4656.83,15.75,4,Sur,Tienda,402.86
7108.24,33.36,4,Norte,Tienda,504.29
6351.56,33.68,4,Oriente,Tienda,397.79
8277.16,32.03,3,Occidente,Tienda,409.45
6315.39,42.55,2,Oriente,Tienda,291.78
2170.33,43.39,2,Occidente,Tienda,256.23
4879.48,33.81,4,Centro,Tienda,433.38
2890.39,20.06,1,Oriente,Tienda,212.73
4067.1,39.32,2,Norte,Online,441.71
7720.21,38.89,1,Occidente,Tienda,283.36
6147.56,37.17,2,Oriente,Tienda,307.79
3741.93,41.87,2,Sur,Online,321.14
3175.31,26.85,1,Sur,Tienda,296.89
5059.01,49.06,2,Oriente,Tienda,177.67
2810.19,28.28,4,Norte,Tienda,476.28
3791.95,40.24,3,Occidente,Tienda,293.28
5561.62,23.19,4,Sur,Tienda,491.31
7079.56,28.49,4,Norte,Mayorista,561.09
6095.77,45.61,4,Sur,Mayorista,466.74
875.68,33.17,2,Occidente,Mayorista,407.22
5547.86,40.88,4,Sur,Tienda,386.53
5129.66,36.66,4,Centro,Tienda,486.1
5745.0,34.27,4,Occidente,Tienda,408.21
7909.18,44.55,2,Norte,Tienda,442.51
1286.17,33.34,1,Oriente,Tienda,206.28
3936.01,22.53,3,Sur,Tienda,411.68
6063.63,29.38,4,Oriente,Tienda,371.6
2153.13,38.86,4,Norte,Tienda,357.87
7656.71,37.77,3,Norte,Tienda,439.77
5663.04,24.03,1,Oriente,Online,345.96
6523.85,29.93,2,Occidente,Tienda,349.64
3972.3,30.93,3,Occidente,Mayorista,448.52
6464.77,32.44,3,Oriente,Tienda,426.95
6923.25,25.37,2,Centro,Tienda,372.43
5419.18,30.6,2,Norte,Tienda,375.25
5421.92,29.9,1,Sur,Tienda,250.17
5486.62,40.4,2,Oriente,Tienda,390.28
3445.98,40.66,3,Sur,Tienda,340.34
4734.45,33.98,1,Centro,Online,385.45
4725.46,32.26,4,Norte,Tienda,402.01
5690.11,35.98,1,Centro,Tienda,336.81
6799.68,29.28,3,Sur,Mayorista,503.81
3094.64,26.97,2,Norte,Tienda,362.69
4774.98,28.42,4,Norte,Online,559.68
7666.62,30.56,4,Centro,Tienda,592.86
3661.54,26.86,3,Sur,Tienda,316.89
3519.95,36.13,3,Norte,Tienda,351.48
5364.15,40.11,3,Centro,Tienda,352.83
6519.89,23.89,3,Norte,Online,589.47
5020.57,35.18,1,Norte,Tienda,403.41
7392.13,33.46,2,Norte,Tienda,431.69
6542.23,37.39,1,Centro,Tienda,350.89
6515.28,34.91,2,Occidente,Mayorista,382.22
5997.41,24.82,3,Sur,Online,485.87
9189.78,26.16,1,Sur,Mayorista,443.38
4630.71,35.21,1,Sur,Online,317.72
1393.66,42.2,4,Sur,Online,388.86
7887.66,19.5,2,Oriente,Tienda,377.57
4176.14,37.42,1,Sur,Mayorista,336.01
5194.18,43.33,3,Oriente,Tienda,322.98
7357.19,33.93,3,Occidente,Tienda,436.97
2115.93,38.85,4,Occidente,Online,445.59
2747.04,30.08,4,Centro,Tienda,427.63
2117.7,34.16,4,Oriente,Tienda,357.52
3570.55,23.65,3,Occidente,Tienda,345.6
5791.35,18.59,2,Oriente,Tienda,318.36
5943.54,41.6,4,Sur,Online,474.05
5497.29,28.11,2,Norte,Tienda,422.64
2457.02,31.81,2,Norte,Online,328.4
841.81,25.29,4,Occidente,Tienda,322.27
5097.84,25.13,4,Centro,Online,490.26
4150.8,33.78,2,Sur,Tienda,295.8
5826.89,29.89,3,Sur,Mayorista,528.79
6263.52,37.65,4,Sur,Tienda,440.28
5248.83,38.17,4,Occidente,Tienda,451.12
6368.24,37.25,1,Oriente,Tienda,298.27
5412.58,36.67,3,Occidente,Tienda,364.08
5954.12,46.04,1,Sur,Tienda,248.33
3731.59,27.53,4,Centro,Online,464.9
4676.7,34.62,1,Norte,Mayorista,422.08
5354.2,42.93,4,Occidente,Online,359.7
6476.95,43.85,1,Centro,Tienda,310.22
4291.27,25.05,2,Centro,Tienda,355.09
5938.1,32.81,1,Centro,Online,406.58
4521.49,44.51,4,Sur,Online,433.68
4788.42,38.56,2,Occidente,Tienda,284.06
6493.13,36.37,3,Centro,Mayorista,511.61
1412.49,33.48,1,Oriente,Tienda,196.93
2666.35,32.31,2,Norte,Online,266.0
2332.07,37.02,4,Sur,Mayorista,397.43
799.49,33.23,4,Occidente,Online,408.16
3779.12,34.7,1,Norte,Tienda,259.47
6348.98,35.55,2,Norte,Online,459.7
4487.21,30.25,2,Occidente,Tienda,393.57
5356.02,38.72,3,Sur,Online,370.86
6960.59,55.4,3,Sur,Tienda,359.05
7389.84,22.56,1,Centro,Online,376.96
4875.55,37.27,4,Norte,Mayorista,597.72
7436.45,29.68,1,Norte,Tienda,407.78
5165.83,39.04,2,Norte,Tienda,388.1
3492.68,35.33,4,Norte,Online,534.63
3930.08,40.33,3,Norte,Tienda,425.81
2335.03,43.23,2,Oriente,Tienda,196.85
3401.36,36.35,4,Sur,Tienda,340.77
4355.57,42.92,2,Norte,Tienda,385.53
6446.45,18.59,3,Norte,Online,498.91
8097.39,46.13,1,Centro,Online,303.6
2512.07,37.63,1,Occidente,Tienda,233.81
5707.09,42.54,2,Sur,Tienda,261.77
3127.02,26.46,3,Norte,Tienda,483.45
5854.45,29.18,4,Sur,Tienda,437.05
4764.04,36.02,2,Centro,Online,354.37
1704.37,34.88,4,Norte,Tienda,370.99
6670.93,36.98,3,Occidente,Tienda,297.39
3911.0,42.59,1,Oriente,Mayorista,251.48
4038.98,22.64,3,Sur,Tienda,420.88
3074.45,41.82,3,Occidente,Online,447.96
3822.29,35.06,2,Sur,Tienda,342.87
5770.2,33.57,2,Norte,Tienda,404.22
4659.36,24.7,2,Occidente,Tienda,317.56
5591.59,38.52,3,Occidente,Online,356.71
5651.46,18.1,3,Sur,Online,546.4
7377.19,39.54,2,Centro,Tienda,386.26
4382.98,24.56,2,Norte,Tienda,497.53
2341.66,35.37,2,Oriente,Tienda,315.57
6921.0,34.17,2,Oriente,Online,299.49
4403.32,43.19,2,Oriente,Online,283.6
7006.27,33.75,2,Centro,Online,410.13
5690.08,30.14,3,Oriente,Mayorista,425.53
4763.95,31.45,1,Centro,Tienda,326.98
5627.8,43.91,3,Occidente,Online,523.92
8511.82,38.75,1,Norte,Online,403.35
8738.56,32.3,2,Centro,Tienda,444.77
5124.89,33.34,4,Centro,Mayorista,534.97
5288.34,24.03,4,Centro,Tienda,459.66
6937.23,37.72,3,Norte,Online,500.62
3477.81,22.68,3,Sur,Online,357.95
5599.53,40.26,1,Occidente,Mayorista,361.03
4953.45,35.9,2,Norte,Tienda,411.78
5565.03,51.71,3,Oriente,Tienda,326.32
3499.94,27.3,4,Oriente,Online,426.33
2138.78,34.28,3,Centro,Online,450.07
1268.63,47.59,4,Norte,Tienda,410.06
2988.71,43.34,2,Norte,Online,380.99
4174.38,30.13,1,Sur,Tienda,239.14
4472.26,36.57,1,Norte,Online,356.71
8487.02,35.01,3,Norte,Mayorista,549.35
6990.79,36.97,3,Norte,Tienda,469.54
3268.24,30.11,2,Norte,Tienda,349.07
5625.88,34.37,4,Occidente,Mayorista,431.97
4267.26,23.81,3,Oriente,Online,333.33
4488.15,35.95,2,Norte,Mayorista,376.0
5333.59,38.15,1,Oriente,Tienda,255.32
6114.51,33.41,3,Norte,Mayorista,453.77
4389.33,23.69,3,Centro,Tienda,364.23
6914.93,41.92,1,Norte,Tienda,358.71
2944.51,37.55,2,Norte,Tienda,289.03
5011.41,29.92,2,Norte,Online,459.47
9675.81,33.04,3,Centro,Mayorista,588.1
5401.54,24.5,1,Centro,Online,371.06
7579.79,27.82,4,Sur,Online,483.34
5164.74,31.24,2,Oriente,Tienda,336.56
6045.4,43.6,2,Oriente,Tienda,270.13
4897.79,30.52,1,Oriente,Tienda,238.84
4693.27,39.48,4,Centro,Tienda,470.41
3596.93,31.23,1,Centro,Tienda,348.95
5774.54,36.74,4,Centro,Mayorista,538.87
3467.23,34.01,2,Sur,Online,387.64
6198.05,41.11,4,Centro,Online,391.25
6953.52,31.26,1,Norte,Tienda,460.45
5659.76,23.99,1,Occidente,Tienda,339.13
4484.75,25.33,4,Sur,Tienda,458.03
5817.14,31.28,4,Oriente,Tienda,411.45
4444.39,26.26,3,Occidente,Tienda,367.06
6683.98,37.87,1,Centro,Tienda,338.39
1703.47,31.74,4,Occidente,Tienda,355.53
4395.91,51.62,2,Centro,Online,341.69
1416.54,22.84,4,Norte,Tienda,461.6
2308.89,36.43,4,Norte,Tienda,338.68
7454.95,27.1,4,Norte,Tienda,497.9
6611.33,31.55,3,Occidente,Tienda,484.77
3704.94,35.99,3,Centro,Tienda,342.94
2295.49,18.72,3,Sur,Tienda,341.26
0.0,36.66,1,Centro,Online,233.3
4021.71,48.32,2,Sur,Tienda,301.03
9356.75,31.83,3,Occidente,Mayorista,478.46
5782.79,36.82,4,Occidente,Tienda,393.42
3992.77,42.17,3,Norte,Tienda,431.5
5837.14,33.85,3,Oriente,Tienda,322.53
2190.27,30.93,1,Sur,Tienda,289.95
4464.82,19.07,2,Norte,Tienda,452.32
5179.06,39.49,3,Occidente,Mayorista,467.77
4845.02,34.21,4,Norte,Tienda,466.7
6423.45,27.91,2,Sur,Online,557.87
5620.36,35.89,1,Norte,Tienda,413.26
6202.99,30.91,2,Centro,Tienda,406.35
3760.93,31.3,1,Centro,Tienda,272.55
6616.07,39.24,3,Sur,Tienda,382.31
7932.09,25.63,3,Norte,Tienda,563.14
3253.73,42.33,4,Norte,Mayorista,561.6
3402.15,25.22,4,Occidente,Online,489.81
7404.41,30.36,1,Occidente,Mayorista,444.85
4655.58,48.46,1,Occidente,Tienda,195.53
7526.88,42.89,2,Centro,Online,452.33
4203.44,35.68,1,Centro,Online,294.86
7619.08,28.42,4,Oriente,Online,405.53
5236.67,31.3,1,Oriente,Mayorista,359.3
5464.81,35.51,1,Centro,Online,397.33
7816.49,35.26,4,Sur,Mayorista,562.3
4348.81,34.36,4,Centro,Online,483.49
3305.98,34.78,1,Norte,Tienda,350.38
4192.58,33.5,2,Norte,Online,375.81
5814.2,24.91,3,Oriente,Tienda,367.63
2181.63,31.38,3,Occidente,Mayorista,315.54
6147.45,41.4,4,Norte,Online,418.56
4030.21,25.42,2,Norte,Tienda,427.49
7066.06,33.67,1,Norte,Tienda,362.58
690.33,29.26,2,Oriente,Tienda,275.24
3584.18,35.78,3,Sur,Tienda,389.25
1964.36,32.28,3,Sur,Tienda,289.7
3512.79,45.34,3,Norte,Online,444.58
5445.8,38.55,4,Occidente,Online,402.33
4677.39,25.82,4,Centro,Online,401.91
4543.92,39.7,2,Oriente,Tienda,288.97
4713.47,29.58,2,Oriente,Tienda,286.54
5366.1,30.96,3,Norte,Tienda,421.77
3184.64,37.2,2,Occidente,Mayorista,443.1
6272.33,31.56,2,Centro,Tienda,322.97
6192.8,41.25,1,Oriente,Tienda,292.07
5693.07,29.58,2,Sur,Tienda,310.59
6001.76,30.67,3,Occidente,Online,464.5
5533.55,30.41,4,Occidente,Tienda,424.18
8663.13,31.04,4,Centro,Online,562.82
4843.23,42.69,2,Norte,Online,370.0
4447.25,39.4,1,Occidente,Online,272.86
3643.65,46.97,1,Occidente,Tienda,278.68
3141.93,50.87,2,Centro,Tienda,374.41
2759.95,27.78,3,Centro,Tienda,392.94
3400.16,35.49,4,Sur,Tienda,331.28
4872.78,26.77,4,Norte,Online,531.75
5601.73,29.56,1,Occidente,Tienda,418.0
5092.06,30.59,3,Centro,Tienda,412.03
3622.04,27.6,2,Sur,Tienda,388.02
6620.33,27.64,1,Oriente,Online,317.81
6330.94,33.99,3,Norte,Tienda,450.68
4712.63,26.48,1,Norte,Online,437.09
3824.75,40.89,2,Sur,Tienda,315.85
5987.17,28.58,3,Centro,Mayorista,463.27
5338.35,54.67,2,Sur,Online,299.86
2393.37,31.84,3,Norte,Tienda,430.69
4877.64,35.5,2,Sur,Tienda,381.86
5471.66,25.93,4,Sur,Tienda,497.08
3380.55,46.94,1,Centro,Tienda,353.45
5341.72,42.84,1,Centro,Tienda,322.25
2381.32,37.08,3,Occidente,Mayorista,361.0
7405.13,25.57,2,Occidente,Online,485.39
7246.31,36.47,3,Sur,Tienda,435.92
4545.47,27.15,1,Occidente,Online,290.59
5654.22,45.24,3,Centro,Tienda,340.27
662.14,40.66,4,Norte,Mayorista,463.66
2918.57,35.67,1,Sur,Tienda,249.65
4471.2,17.95,2,Oriente,Online,366.61
3070.16,28.12,4,Occidente,Online,459.48
6285.91,39.81,3,Sur,Tienda,413.69
8595.13,43.49,1,Norte,Tienda,463.23
2882.09,42.76,1,Norte,Tienda,215.15
3492.57,23.86,4,Norte,Mayorista,539.17
5423.81,37.11,4,Oriente,Tienda,405.96
7900.01,42.11,2,Centro,Online,370.08
2799.73,23.39,2,Centro,Online,356.8
5448.27,34.94,4,Oriente,Online,381.86
8278.34,36.92,1,Occidente,Tienda,342.46
2026.83,32.89,1,Oriente,Tienda,290.66
2694.08,22.03,4,Norte,Online,578.24
4237.51,32.72,1,Centro,Tienda,280.92
4062.94,32.71,4,Occidente,Mayorista,473.14
6462.68,33.96,2,Oriente,Tienda,355.15
5434.99,31.06,4,Sur,Tienda,435.06
1805.07,31.9,1,Sur,Online,303.46
5927.74,34.72,4,Occidente,Tienda,422.45
3960.43,38.1,1,Norte,Tienda,407.22
7294.0,32.87,1,Centro,Tienda,421.88
3870.34,32.13,3,Norte,Tienda,364.48
3854.09,35.65,3,Occidente,Online,410.32
5974.04,21.55,4,Norte,Tienda,547.43
6373.27,38.34,1,Norte,Tienda,388.38
5806.58,35.0,1,Sur,Tienda,361.94
1965.92,35.28,3,Sur,Mayorista,389.77
5968.46,41.73,4,Centro,Tienda,443.83
3138.25,21.33,2,Sur,Mayorista,402.15
5423.5,21.18,4,Sur,Mayorista,417.32
2437.28,36.92,4,Centro,Tienda,377.73
5803.38,34.95,4,Centro,Online,455.99
3548.12,36.19,3,Occidente,Online,314.47
2691.26,31.77,3,Centro,Tienda,426.27
6284.88,39.65,3,Centro,Tienda,432.55
5434.96,41.53,3,Oriente,Online,369.28
3894.84,38.39,3,Norte,Online,414.08
7612.12,33.17,3,Oriente,Online,440.68
4206.83,20.25,2,Occidente,Mayorista,452.82
5057.79,40.38,3,Sur,Tienda,319.02
5484.04,43.55,4,Norte,Online,492.04
3884.6,39.51,4,Sur,Mayorista,481.01
5848.05,28.84,3,Sur,Tienda,307.58
4039.79,39.72,1,Centro,Tienda,296.72
4259.05,41.02,3,Occidente,Tienda,311.2
7452.76,45.91,2,Centro,Mayorista,446.71
3126.95,28.87,1,Norte,Tienda,313.09
657.0,33.41,1,Sur,Online,267.85
7899.69,40.23,3,Oriente,Tienda,464.27
9588.79,35.4,4,Sur,Tienda,468.68
4270.52,27.18,3,Centro,Online,452.92
1513.69,37.9,2,Oriente,Tienda,322.42
4441.13,39.05,1,Sur,Mayorista,323.18
4484.8,35.62,3,Oriente,Tienda,407.59
4658.14,36.54,1,Sur,Mayorista,357.36
2995.9,33.19,4,Norte,Tienda,509.41
6043.21,45.35,4,Sur,Mayorista,502.31
5944.11,28.7,4,Centro,Online,515.55
2310.07,30.89,2,Norte,Tienda,348.76
6258.55,35.08,1,Occidente,Tienda,280.91
8694.83,41.15,2,Centro,Tienda,418.5
5309.53,24.52,4,Norte,Online,569.46
4392.81,25.83,1,Occidente,Online,334.24
4744.39,20.74,4,Occidente,Tienda,402.61
6107.46,35.23,1,Norte,Tienda,364.67
1884.79,27.17,1,Norte,Online,401.53
5295.9,32.31,1,Sur,Tienda,362.61
4297.16,39.63,4,Centro,Online,419.1
8326.09,30.51,3,Oriente,Tienda,375.71
4686.49,36.62,2,Centro,Online,409.53
8002.2,32.9,3,Oriente,Mayorista,533.68
3013.27,39.7,3,Norte,Tienda,432.43
6057.07,38.33,3,Oriente,Tienda,292.21
5574.92,30.16,3,Occidente,Tienda,365.14
3435.71,33.82,1,Centro,Online,298.94
5319.31,42.31,2,Centro,Tienda,339.87
7182.53,37.75,3,Sur,Mayorista,542.2
4417.17,25.22,1,Occidente,Online,272.53
1954.47,39.59,2,Norte,Tienda,254.19
4968.39,27.41,1,Sur,Online,314.59
3375.64,44.89,4,Norte,Tienda,424.43
4383.79,42.17,1,Occidente,Online,328.29
4853.14,37.03,1,Centro,Tienda,339.28
1929.83,36.1,3,Occidente,Online,391.83
2091.81,33.54,1,Oriente,Mayorista,207.89
5867.72,39.75,2,Centro,Online,460.62
4059.11,32.4,2,Centro,Mayorista,405.97
383.46,36.65,1,Sur,Tienda,242.86
6412.72,41.1,4,Centro,Online,424.56
5490.27,31.07,3,Oriente,Online,393.81
3715.03,30.69,1,Occidente,Online,323.06
2629.71,26.64,3,Centro,Tienda,423.4
6504.45,27.55,3,Occidente,Tienda,327.89
5628.83,22.2,3,Occidente,Online,436.08
9288.68,40.11,3,Centro,Tienda,414.13
5756.34,47.66,4,Centro,Online,481.27
5697.87,44.98,2,Norte,Online,458.08
4699.53,23.62,2,Sur,Mayorista,477.92
6470.2,40.07,3,Occidente,Tienda,348.23
6125.15,44.95,4,Norte,Mayorista,572.57
7253.11,31.8,3,Sur,Tienda,475.01
4061.62,35.71,1,Oriente,Tienda,174.17
4216.27,20.94,2,Sur,Online,414.46
4137.61,36.87,3,Occidente,Tienda,380.19
6423.44,27.56,1,Oriente,Tienda,296.11
7697.07,36.4,4,Norte,Tienda,452.63
4174.09,24.07,4,Sur,Tienda,452.02
4235.41,38.8,4,Oriente,Online,335.78
5565.34,42.17,1,Occidente,Tienda,273.59
4557.63,29.52,3,Occidente,Tienda,358.24
6713.7,27.04,3,Occidente,Online,476.26
946.8,19.91,3,Norte,Tienda,357.04
3511.93,33.14,4,Oriente,Online,357.82
3591.65,30.93,2,Norte,Mayorista,449.15
823.36,24.14,3,Norte,Online,459.41
3265.45,38.17,3,Oriente,Mayorista,471.55
3352.72,31.85,4,Centro,Tienda,340.63
4638.01,27.47,4,Oriente,Online,434.99
7003.34,31.12,2,Occidente,Tienda,316.82
4558.89,42.5,4,Norte,Tienda,483.66
3144.54,39.22,1,Centro,Online,282.0
4897.48,34.09,2,Occidente,Tienda,291.21
6888.51,39.33,3,Centro,Mayorista,464.88
3243.27,26.87,1,Centro,Online,348.52
3360.97,35.23,2,Centro,Mayorista,416.07
6005.39,36.03,3,Occidente,Tienda,394.2
4601.23,31.71,3,Norte,Tienda,425.97
6165.47,38.05,1,Occidente,Online,281.23
4975.44,29.54,2,Occidente,Tienda,365.28
6262.99,38.57,1,Occidente,Tienda,299.36
3136.86,38.86,3,Centro,Online,447.13
4978.25,14.58,2,Centro,Mayorista,442.14
4620.76,43.33,3,Sur,Online,310.07
2811.4,13.67,3,Sur,Tienda,370.37
2185.74,30.69,4,Occidente,Tienda,408.22
6234.35,42.18,1,Centro,Online,380.89
4368.29,32.78,4,Oriente,Tienda,355.81
3159.9,24.74,1,Norte,Tienda,305.77
4826.88,27.34,1,Oriente,Tienda,358.56
7030.43,42.19,1,Oriente,Tienda,241.62
894.67,21.55,1,Occidente,Tienda,208.21
2306.05,42.9,4,Norte,Tienda,422.06
3338.8,34.61,1,Centro,Online,253.89
7630.12,26.65,3,Centro,Tienda,518.73
5508.66,30.92,2,Centro,Online,447.32
6381.17,27.88,1,Norte,Tienda,436.78
2947.71,41.06,2,Centro,Mayorista,406.94
2984.84,40.13,1,Sur,Tienda,242.21
5806.06,22.97,2,Oriente,Tienda,293.44
5104.89,32.17,3,Sur,Tienda,368.02
5987.73,28.96,3,Centro,Tienda,383.08
4662.19,44.05,2,Oriente,Tienda,298.28
5500.66,25.55,4,Norte,Online,566.66
5284.61,46.23,3,Oriente,Mayorista,454.5
6399.98,34.77,2,Oriente,Tienda,343.92
6452.61,26.87,2,Norte,Tienda,476.33
2084.23,30.26,1,Norte,Online,340.6
954.92,29.39,4,Occidente,Online,348.95
6803.14,26.08,4,Sur,Tienda,474.01
7137.91,35.66,2,Occidente,Online,381.2
3162.88,26.4,3,Centro,Tienda,393.6
1652.3,19.74,3,Sur,Online,330.54
5178.26,32.34,3,Sur,Tienda,335.62
6675.51,22.38,1,Oriente,Tienda,351.75
8235.67,29.73,4,Norte,Tienda,570.7
5929.34,28.64,4,Centro,Online,457.24
4330.91,28.9,4,Sur,Tienda,432.44
3392.36,49.01,4,Norte,Online,419.18
5020.61,35.39,4,Sur,Online,441.78
4461.32,36.72,3,Centro,Online,486.96
3172.88,22.57,1,Oriente,Tienda,296.06
8687.76,30.42,2,Norte,Tienda,503.31
8213.3,36.51,1,Occidente,Tienda,427.07
7044.89,27.83,1,Occidente,Online,346.69
3342.47,41.36,4,Oriente,Mayorista,353.95
6539.03,26.58,4,Occidente,Tienda,404.39
6151.33,33.0,3,Centro,Mayorista,479.98
5796.58,30.9,3,Occidente,Tienda,273.5
7249.4,36.15,1,Oriente,Tienda,295.24
6143.67,30.52,1,Centro,Tienda,332.0
6332.03,33.1,4,Norte,Online,564.73
6146.43,33.35,2,Centro,Tienda,401.47
5613.42,29.86,3,Occidente,Tienda,351.31
1789.5,38.4,2,Occidente,Online,323.13
5150.52,36.67,1,Centro,Tienda,358.25
3998.85,34.38,4,Sur,Tienda,350.2
2696.29,31.99,4,Oriente,Tienda,314.17
8027.27,40.58,3,Norte,Tienda,369.14
8112.19,33.35,2,Norte,Tienda,401.91
7446.6,32.85,3,Centro,Tienda,411.64
5459.38,35.73,4,Occidente,Online,441.57
7431.13,46.88,3,Sur,Tienda,342.78
5021.7,25.62,2,Centro,Online,398.49
5365.04,40.39,2,Sur,Tienda,271.61
3031.75,21.75,3,Centro,Tienda,396.6
5714.58,36.52,2,Norte,Tienda,420.33
5108.69,46.03,3,Centro,Tienda,393.41
2655.23,38.42,1,Centro,Tienda,277.67
4907.85,36.19,1,Sur,Tienda,222.98
4856.49,31.08,4,Sur,Mayorista,449.26
8235.61,35.22,2,Oriente,Online,380.96
6609.58,33.24,2,Norte,Tienda,406.03
5020.6,29.5,3,Norte,Online,481.8
5447.82,32.97,2,Norte,Online,507.97
5079.58,36.39,4,Occidente,Online,466.56
4634.75,29.63,1,Sur,Tienda,256.77
3051.63,29.36,4,Norte,Tienda,468.81
4728.11,25.48,1,Occidente,Tienda,330.42
3657.02,37.74,2,Norte,Tienda,325.31
2749.43,38.82,3,Sur,Tienda,356.17
5920.2,36.62,4,Norte,Mayorista,537.44
5704.28,41.76,1,Oriente,Mayorista,271.54
1783.93,35.62,3,Oriente,Tienda,297.8
4779.17,37.74,1,Oriente,Tienda,266.53
6792.26,37.13,1,Sur,Tienda,314.05
6906.6,34.36,4,Sur,Tienda,435.48
6846.51,31.28,3,Occidente,Online,405.18
5070.04,50.5,2,Occidente,Tienda,317.67
3478.92,31.84,3,Norte,Online,443.81
3049.34,30.34,2,Oriente,Mayorista,353.67
5620.29,38.04,2,Occidente,Online,382.36
5682.7,36.76,2,Centro,Online,358.13
7317.2,25.17,2,Oriente,Tienda,323.62
6979.96,42.86,4,Norte,Tienda,381.19
4761.99,34.34,2,Norte,Tienda,414.01
2760.43,27.22,2,Norte,Online,352.97
4425.61,43.32,3,Norte,Tienda,404.65
5391.02,39.38,4,Occidente,Online,446.04
4636.25,26.15,2,Oriente,Tienda,340.65
3959.79,47.44,4,Oriente,Tienda,272.47
5455.19,39.61,2,Sur,Tienda,327.08
4092.88,34.93,3,Occidente,Mayorista,485.48
3869.48,46.13,4,Norte,Tienda,494.92
5560.62,36.12,2,Occidente,Tienda,373.68
4276.41,34.8,1,Norte,Tienda,359.08
5439.39,30.38,3,Norte,Online,438.89
5491.77,39.07,1,Norte,Mayorista,459.14
2949.03,38.34,2,Oriente,Tienda,250.47
4133.77,35.1,4,Sur,Mayorista,480.92
7588.0,29.47,2,Centro,Tienda,391.22
2908.26,35.91,3,Centro,Online,389.16
1190.02,34.51,3,Oriente,Tienda,276.33
1648.68,25.67,1,Sur,Tienda,266.86
5052.4,24.7,2,Norte,Online,476.3
5055.65,38.96,3,Sur,Tienda,333.13
4788.3,16.79,1,Sur,Tienda,270.49
7185.54,36.44,2,Oriente,Online,450.94
188.9,31.65,2,Oriente,Mayorista,403.94
5712.68,44.16,4,Norte,Tienda,475.23
7810.59,31.55,1,Oriente,Online,304.76
2969.99,39.62,4,Norte,Online,420.47
4316.35,32.22,2,Oriente,Tienda,317.94
3644.79,35.8,3,Sur,Mayorista,470.78
3390.18,40.16,3,Sur,Tienda,272.11
4412.73,31.76,2,Centro,Online,392.13
7569.47,41.98,4,Sur,Tienda,441.92
8307.3,28.04,1,Oriente,Tienda,379.54
4395.31,37.06,1,Occidente,Tienda,255.82
8429.11,41.46,4,Occidente,Tienda,369.29
5064.04,39.62,3,Centro,Mayorista,485.9
8156.64,48.42,4,Centro,Mayorista,580.76
4832.06,29.66,2,Centro,Tienda,365.98
5235.9,25.35,1,Oriente,Tienda,309.26
5657.85,28.04,1,Centro,Tienda,331.61
10721.94,39.62,2,Centro,Tienda,416.73
6532.31,38.49,1,Centro,Tienda,392.95
3726.92,35.72,4,Sur,Mayorista,464.52
6744.2,27.14,1,Centro,Online,436.47
4348.7,40.37,4,Oriente,Tienda,416.1
4118.45,26.43,1,Centro,Tienda,281.17
6635.48,43.11,1,Occidente,Online,314.06
5055.95,55.0,2,Occidente,Tienda,287.61
5501.44,37.57,1,Centro,Tienda,304.74
5025.17,39.08,2,Occidente,Tienda,348.62
5605.85,31.55,2,Norte,Tienda,401.22
5764.94,22.33,3,Occidente,Tienda,352.22
1513.46,30.78,3,Sur,Online,355.56
6199.83,27.35,1,Centro,Tienda,371.83
3232.37,24.87,1,Sur,Online,368.01
2403.86,47.06,1,Centro,Tienda,272.14
4894.86,36.91,1,Sur,Mayorista,381.35
5151.17,37.66,1,Oriente,Tienda,278.05
3751.69,32.84,2,Norte,Tienda,365.1
6495.86,33.79,3,Occidente,Tienda,353.74
2584.08,41.75,2,Occidente,Tienda,276.83
4267.5,34.77,2,Centro,Tienda,333.8
3947.23,38.71,2,Centro,Online,450.79
4916.14,33.63,3,Oriente,Tienda,398.27
5501.96,32.6,2,Norte,Tienda,434.04
3185.79,25.15,1,Oriente,Tienda,271.56
6303.71,21.16,2,Sur,Online,420.08
5113.4,33.17,1,Oriente,Mayorista,285.64
1594.5,35.4,2,Sur,Online,299.64
1474.54,26.0,4,Oriente,Online,371.51
4977.83,34.76,2,Oriente,Online,351.93
4602.26,35.38,1,Sur,Online,349.68
4813.84,19.91,3,Oriente,Tienda,406.3
4949.63,28.59,1,Centro,Online,347.9
5406.01,37.85,1,Sur,Online,307.08
6705.77,37.71,1,Centro,Tienda,416.8
3000.01,26.92,4,Occidente,Online,447.15
2890.45,36.11,4,Norte,Tienda,403.61
3032.02,42.16,3,Occidente,Tienda,301.22
5520.05,40.44,3,Occidente,Tienda,349.82
7240.91,34.33,3,Centro,Online,479.66
4223.59,31.72,3,Oriente,Mayorista,420.67
496.94,30.59,3,Sur,Tienda,408.77
1932.81,38.27,4,Norte,Tienda,407.95
3500.53,36.37,3,Centro,Tienda,396.46
3996.09,39.41,1,Occidente,Tienda,183.29
4264.9,35.92,2,Sur,Mayorista,364.51
5069.45,40.73,4,Oriente,Tienda,416.01
4438.86,35.66,2,Oriente,Tienda,308.11
6888.81,40.49,1,Oriente,Tienda,91.45
3783.17,41.1,4,Sur,Mayorista,467.13
3447.83,29.37,3,Sur,Tienda,436.7
5861.98,22.34,3,Centro,Online,388.78
2235.84,45.8,2,Occidente,Tienda,317.43
5701.45,36.8,1,Occidente,Tienda,170.62
5184.6,23.0,2,Centro,Online,472.24
4734.6,30.0,2,Occidente,Tienda,326.83
7858.9,40.4,4,Centro,Online,405.86
3880.03,33.04,2,Sur,Tienda,335.53
8708.54,31.42,1,Norte,Online,522.57
4594.22,44.81,2,Oriente,Online,329.98
2701.37,27.67,4,Oriente,Online,411.84
5125.86,29.41,2,Occidente,Tienda,316.97
3062.76,36.48,2,Oriente,Online,219.76
3646.84,37.73,3,Norte,Mayorista,497.54
5714.66,38.47,3,Centro,Tienda,480.81
6000.05,41.38,2,Oriente,Tienda,356.94
3880.1,36.39,4,Centro,Online,358.97
6777.33,38.43,3,Centro,Tienda,353.13
7083.51,33.19,1,Occidente,Online,329.75
7585.34,35.44,2,Oriente,Online,315.43
5952.94,35.75,4,Oriente,Tienda,389.06
7454.17,36.51,2,Centro,Online,460.22
1614.56,40.41,3,Sur,Online,269.84
4427.77,38.89,3,Centro,Tienda,413.01
3439.39,35.31,3,Occidente,Mayorista,424.81
5214.61,29.34,4,Oriente,Tienda,362.59
3971.39,35.47,1,Oriente,Tienda,239.23
4700.92,34.8,3,Norte,Online,373.79
8387.91,36.35,3,Occidente,Tienda,399.69
4694.5,50.45,1,Sur,Online,298.9
5744.83,31.33,3,Occidente,Tienda,385.2
4581.92,37.96,1,Centro,Tienda,329.82
5136.28,42.48,2,Occidente,Tienda,319.24
5010.83,35.69,2,Occidente,Online,348.36
5806.98,51.36,1,Oriente,Online,299.54
7097.55,32.35,4,Occidente,Online,519.9
7965.31,37.27,1,Oriente,Mayorista,380.81
5557.32,29.41,2,Occidente,Online,397.57
6061.18,32.54,4,Norte,Online,517.39
2928.44,36.74,4,Norte,Tienda,391.45
4841.82,40.92,1,Centro,Mayorista,404.74
6692.52,37.23,2,Occidente,Online,362.29
6558.74,43.81,3,Oriente,Mayorista,433.43
5380.9,34.34,4,Centro,Tienda,441.02
6595.51,32.67,4,Centro,Tienda,451.42
5883.38,53.93,3,Oriente,Online,337.89
7160.55,37.76,1,Occidente,Tienda,296.73
5520.85,29.96,4,Occidente,Tienda,337.39
4359.74,30.14,1,Norte,Mayorista,442.41
5604.51,28.4,1,Centro,Tienda,361.66
0.0,41.56,3,Sur,Tienda,300.97
5689.19,32.45,3,Oriente,Tienda,330.35
0.0,35.89,1,Centro,Tienda,319.92
1897.77,34.56,1,Occidente,Online,254.51
5813.18,40.12,3,Centro,Mayorista,431.0
5859.55,29.07,2,Oriente,Mayorista,354.7
2907.63,27.47,3,Norte,Online,366.62
3718.22,36.57,2,Occidente,Online,404.1
7466.97,39.21,3,Norte,Tienda,523.77
4128.75,37.33,2,Sur,Mayorista,407.96
9037.26,29.33,2,Occidente,Tienda,365.75
4996.54,39.74,2,Occidente,Tienda,392.99
5734.47,29.79,3,Centro,Mayorista,474.83
7910.37,31.35,3,Centro,Mayorista,514.45
5235.85,28.39,3,Norte,Tienda,509.3
3195.78,44.11,3,Occidente,Online,374.55
4802.49,39.43,1,Norte,Tienda,442.68
4935.9,39.23,4,Norte,Tienda,462.65
2543.47,43.73,3,Centro,Tienda,316.08
4539.5,54.69,3,Norte,Tienda,349.33
3664.05,23.04,4,Norte,Tienda,379.46
6663.84,29.83,4,Oriente,Tienda,399.77
5062.3,30.69,3,Oriente,Tienda,398.19
4490.97,29.04,4,Sur,Tienda,431.79
4808.87,27.46,2,Oriente,Mayorista,384.81
5401.62,32.9,3,Oriente,Online,343.36
6110.27,26.48,2,Sur,Mayorista,449.58
3200.52,37.35,3,Oriente,Tienda,344.76
3125.14,35.36,1,Centro,Online,351.37
6988.42,38.37,4,Occidente,Online,467.72
4257.79,38.55,1,Norte,Tienda,299.81
2449.68,39.22,3,Sur,Tienda,350.75
5798.86,32.39,1,Sur,Tienda,175.43
5834.07,49.85,1,Sur,Tienda,297.56
2244.71,36.64,4,Occidente,Tienda,454.12
5413.07,21.96,4,Oriente,Tienda,338.44
6324.05,27.98,1,Centro,Tienda,354.21
5673.9,22.82,1,Centro,Online,403.86
6137.57,35.12,4,Occidente,Tienda,390.91
2472.32,34.15,4,Centro,Tienda,434.43
5595.87,31.72,1,Sur,Online,375.37
4455.28,49.08,3,Norte,Tienda,393.99
4130.98,38.84,2,Sur,Tienda,343.66
6567.0,40.08,3,Oriente,Tienda,354.79
7662.69,28.48,2,Centro,Tienda,566.21
8229.87,28.01,1,Centro,Tienda,406.14
7366.65,35.26,2,Centro,Tienda,412.35
4802.48,36.21,3,Occidente,Tienda,273.43
5634.9,22.01,4,Occidente,Mayorista,475.76
6380.28,33.74,1,Norte,Mayorista,505.63
5218.12,35.1,4,Norte,Tienda,405.12
5235.38,33.49,3,Sur,Tienda,276.81
6482.76,29.31,4,Occidente,Tienda,431.6
4893.29,31.22,4,Centro,Online,539.19
3687.28,33.76,1,Occidente,Online,307.38
4253.95,35.64,1,Oriente,Tienda,236.61
6141.04,39.23,4,Centro,Tienda,359.52
5005.39,42.57,1,Sur,Tienda,301.06
5612.38,32.94,1,Sur,Mayorista,411.61
6206.14,31.81,2,Norte,Mayorista,409.74
4325.29,38.06,4,Centro,Tienda,463.98
6361.25,39.28,4,Sur,Online,491.48
5681.92,31.96,3,Sur,Tienda,436.11
2777.34,40.53,1,Norte,Online,371.13
7596.15,41.86,2,Oriente,Mayorista,433.25
4098.66,44.04,3,Occidente,Tienda,344.72
2020.83,47.45,1,Centro,Tienda,285.81
3118.92,28.94,3,Centro,Online,333.53
3162.12,35.1,1,Occidente,Tienda,185.67
5093.91,35.08,2,Centro,Online,369.9
4507.07,34.31,1,Oriente,Tienda,253.23
4393.7,30.46,3,Centro,Mayorista,482.6
6115.46,24.6,4,Centro,Tienda,488.03
5611.78,35.65,1,Centro,Tienda,386.42
5568.89,29.62,4,Oriente,Tienda,444.72
5737.69,35.6,3,Oriente,Tienda,309.26
6109.04,29.44,4,Centro,Tienda,473.87
1205.68,27.3,4,Norte,Online,411.21
4344.01,36.64,1,Occidente,Tienda,262.78
1075.62,36.06,3,Occidente,Tienda,298.12
5064.91,39.05,3,Norte,Tienda,265.76
4991.66,50.3,1,Sur,Tienda,372.72
6881.96,36.94,2,Occidente,Mayorista,446.79
7137.74,38.4,4,Sur,Mayorista,476.04
5365.0,27.46,3,Occidente,Tienda,465.64
4099.35,25.99,2,Oriente,Online,328.57
5873.29,46.08,2,Occidente,Online,359.91
4049.75,28.54,4,Norte,Mayorista,506.05
4997.49,27.69,2,Centro,Tienda,451.14
6775.05,34.73,1,Centro,Tienda,354.3
3996.01,34.37,3,Occidente,Tienda,346.48
6450.22,28.68,4,Sur,Mayorista,565.04
6219.32,32.87,1,Sur,Online,389.26
3281.37,43.61,2,Norte,Tienda,340.05
6753.01,29.36,2,Oriente,Tienda,394.87
6257.42,25.24,1,Occidente,Online,483.85
5183.47,41.6,3,Norte,Mayorista,500.23
3627.82,38.45,2,Sur,Tienda,304.82
3453.43,30.66,1,Sur,Online,325.46
4032.21,23.92,2,Occidente,Tienda,386.31
5976.67,29.79,4,Centro,Tienda,433.06
3279.87,34.62,4,Sur,Tienda,358.82
5787.52,43.16,3,Sur,Online,334.36
2764.84,27.74,2,Centro,Mayorista,353.23
4632.68,34.41,4,Sur,Tienda,372.83
5197.37,39.73,1,Norte,Tienda,347.61
9401.23,18.33,3,Occidente,Tienda,550.34
2520.83,42.24,3,Centro,Tienda,360.8
7649.63,26.72,3,Sur,Tienda,390.53
5269.72,37.32,1,Oriente,Tienda,233.72
5740.11,36.73,3,Oriente,Tienda,408.06
5213.03,42.59,3,Norte,Tienda,465.09
5800.51,38.86,4,Norte,Tienda,469.08
4723.37,18.36,1,Norte,Online,406.55
7617.29,29.51,3,Oriente,Tienda,445.77
4178.35,35.97,4,Oriente,Online,349.98
7038.02,33.64,2,Oriente,Mayorista,428.69
3840.14,38.34,3,Oriente,Online,450.87
4891.55,40.53,1,Centro,Tienda,322.19
3070.47,39.26,3,Centro,Tienda,317.92
5819.04,33.5,3,Oriente,Online,412.86
7601.23,22.08,1,Sur,Tienda,349.31
4860.76,31.81,1,Occidente,Tienda,227.95
4645.61,37.91,3,Occidente,Tienda,375.55
2993.69,27.37,1,Occidente,Tienda,316.72
4587.27,39.42,2,Occidente,Tienda,290.8
2132.97,41.36,1,Sur,Online,254.56
3356.82,35.89,4,Norte,Tienda,386.79
5408.21,13.55,3,Centro,Tienda,442.14
7374.22,26.05,4,Oriente,Online,447.72
10056.58,48.2,1,Oriente,Tienda,284.29
3944.15,31.17,1,Sur,Online,410.68
7583.54,21.11,3,Sur,Tienda,463.16
5438.75,43.65,3,Centro,Tienda,412.0
4727.75,35.09,4,Occidente,Mayorista,496.16
5778.67,42.73,4,Norte,Tienda,493.97
5111.45,36.94,4,Sur,Tienda,380.84
5198.71,38.21,1,Sur,Mayorista,375.6
4265.0,37.54,2,Occidente,Online,330.83
2483.4,39.88,4,Centro,Online,435.68
2221.47,50.94,3,Norte,Tienda,358.38
6175.84,41.8,4,Sur,Tienda,391.17
4501.94,23.94,3,Norte,Online,420.95
3927.04,38.13,1,Centro,Tienda,307.2
5015.31,42.99,2,Occidente,Tienda,295.8
6430.88,43.42,4,Centro,Online,394.51
5324.66,32.01,3,Occidente,Tienda,391.46
3819.1,43.15,1,Oriente,Tienda,271.56
7207.33,41.49,1,Occidente,Tienda,426.37
7842.53,53.01,4,Sur,Tienda,397.25
5890.2,29.75,4,Occidente,Online,434.31
6752.59,31.45,4,Sur,Mayorista,460.58
7235.53,32.86,1,Centro,Tienda,380.63
7034.18,31.57,3,Oriente,Tienda,389.43
6105.38,28.77,4,Sur,Tienda,397.97
6077.02,15.66,3,Sur,Tienda,418.63
5935.39,31.96,3,Norte,Tienda,360.69
3024.79,37.59,2,Norte,Mayorista,462.2
6261.3,31.55,1,Centro,Tienda,321.77
2559.53,48.55,2,Occidente,Tienda,247.56
3569.72,35.09,3,Sur,Mayorista,346.36
7346.42,44.04,1,Centro,Tienda,323.55
6512.4,36.83,1,Occidente,Mayorista,367.3
7677.32,40.78,2,Oriente,Tienda,337.04
4510.99,36.95,4,Norte,Tienda,470.18
2925.95,44.58,3,Centro,Mayorista,473.8
4567.21,35.39,3,Norte,Tienda,450.86
5183.66,38.47,3,Sur,Tienda,405.81
5142.18,37.56,1,Sur,Tienda,358.75
7040.62,32.98,2,Oriente,Online,408.11
4349.71,37.83,1,Norte,Online,377.19
5633.66,50.64,4,Sur,Tienda,425.47
3220.47,33.11,4,Sur,Online,461.73
5810.57,37.94,2,Sur,Online,409.11
5005.6,43.8,2,Oriente,Tienda,217.65
3650.34,42.98,2,Sur,Tienda,252.58
4575.51,35.08,4,Sur,Tienda,381.32
4668.48,18.32,2,Centro,Tienda,425.65
4513.72,38.62,4,Oriente,Tienda,354.19
8188.41,19.46,2,Norte,Tienda,532.68
4822.8,45.29,3,Occidente,Tienda,390.89
4560.99,36.19,3,Occidente,Tienda,400.07
1224.59,42.0,2,Oriente,Online,313.1
3390.43,28.69,4,Centro,Tienda,369.12
4526.47,24.13,3,Oriente,Mayorista,442.52
3765.47,36.83,4,Centro,Mayorista,448.11
7487.07,34.76,4,Sur,Online,412.55
4703.11,31.56,1,Sur,Mayorista,355.45
7319.2,35.59,1,Norte,Mayorista,526.61
5111.07,54.37,3,Occidente,Tienda,338.55
5067.01,40.84,2,Sur,Online,451.24
4840.17,42.35,2,Sur,Tienda,321.17
5006.83,40.91,1,Occidente,Online,424.37
8093.83,45.36,2,Centro,Tienda,403.43
824.7,33.67,2,Oriente,Tienda,230.15
1397.22,20.62,2,Sur,Tienda,239.28
4022.29,33.68,3,Sur,Mayorista,471.65
5026.15,40.68,3,Oriente,Tienda,302.44
6242.19,28.21,2,Centro,Tienda,369.0
5851.56,33.77,1,Norte,Tienda,432.08
4308.36,30.16,3,Occidente,Tienda,406.34
6834.28,45.51,1,Centro,Online,428.38
6854.35,40.25,2,Oriente,Online,347.56
5331.3,39.56,2,Sur,Tienda,325.59
6732.78,39.35,1,Centro,Tienda,345.86
5490.76,34.74,2,Oriente,Tienda,346.09
3989.33,36.38,2,Occidente,Tienda,370.31
6256.07,26.7,4,Sur,Online,498.1
5199.1,19.69,4,Oriente,Online,536.09
5002.41,36.05,1,Occidente,Tienda,324.71
7651.32,37.27,3,Oriente,Online,408.9
588.43,43.46,3,Norte,Tienda,366.61
2448.17,46.0,2,Norte,Online,439.24
2863.27,45.99,2,Sur,Tienda,359.88
4346.13,28.01,4,Norte,Online,557.81
4541.71,32.53,2,Oriente,Tienda,299.58
2286.81,38.36,1,Occidente,Mayorista,290.85
3226.72,52.72,2,Centro,Tienda,318.29
3450.48,45.36,2,Centro,Tienda,387.18
9423.36,42.84,2,Oriente,Tienda,384.19
8243.14,32.29,1,Centro,Tienda,411.03
4258.85,28.82,1,Centro,Tienda,328.46
4345.55,40.52,4,Centro,Online,433.37
2931.43,27.3,1,Sur,Online,308.15
1565.37,33.33,3,Norte,Tienda,374.28
4789.62,34.2,3,Centro,Online,511.71
3203.87,46.15,3,Occidente,Online,329.97
4847.27,32.52,4,Norte,Tienda,466.33
2119.63,17.93,1,Sur,Tienda,241.57
3628.45,38.53,2,Sur,Tienda,331.65
5267.53,30.11,1,Occidente,Tienda,363.09
5659.18,35.3,3,Centro,Online,520.84
5751.45,34.39,3,Centro,Mayorista,490.45
2623.12,33.08,4,Oriente,Online,398.59
6538.43,40.53,2,Sur,Tienda,340.66
3559.62,24.27,1,Oriente,Online,326.87
6139.14,31.38,4,Norte,Online,543.73
4980.85,39.79,3,Norte,Tienda,418.72
2522.5,30.7,4,Occidente,Online,402.13
4430.84,23.74,2,Oriente,Tienda,335.24
5657.65,39.68,2,Norte,Tienda,380.27
6103.34,42.86,2,Centro,Tienda,353.94
4746.22,34.69,3,Norte,Tienda,499.42
7757.2,21.27,1,Oriente,Mayorista,536.93
6813.52,39.94,4,Oriente,Tienda,339.57
4538.02,23.38,1,Sur,Tienda,255.91
6350.22,37.16,2,Sur,Tienda,308.19
8480.83,28.79,2,Sur,Tienda,402.55
8528.87,26.88,3,Sur,Tienda,487.38
2789.6,31.91,3,Sur,Tienda,359.82
3332.24,33.72,4,Sur,Online,421.92
7672.85,30.49,4,Centro,Tienda,512.88
3095.09,39.12,1,Occidente,Online,252.41
